<?xml version="1.0" encoding="UTF-8"?>
<!DOCTYPE mapper PUBLIC "-//mybatis.org//DTD Mapper 3.0//EN" "http://mybatis.org/dtd/mybatis-3-mapper.dtd">
<mapper namespace="com.rstech.wordwatch.dao.mapper.RSClientMapper">
  <resultMap id="BaseResultMap" type="com.rstech.wordwatch.dao.RSClient">
    <!--
      WARNING - @mbggenerated
      This element is automatically generated by MyBatis Generator, do not modify.
      This element was generated on Wed Oct 21 20:19:24 EDT 2015.
    -->
    <id column="ID" jdbcType="BIGINT" property="ID" />
    <result column="NAME" jdbcType="VARCHAR" property="NAME" />
    <result column="DISPLAY_NAME" jdbcType="VARCHAR" property="DISPLAY_NAME" />
    <result column="IS_DELETED" jdbcType="VARCHAR" property="IS_DELETED" />
    <result column="ADDRESS1" jdbcType="VARCHAR" property="ADDRESS1" />
    <result column="ADDRESS2" jdbcType="VARCHAR" property="ADDRESS2" />
    <result column="CITY" jdbcType="VARCHAR" property="CITY" />
    <result column="STATE" jdbcType="VARCHAR" property="STATE" />
    <result column="ZIP" jdbcType="VARCHAR" property="ZIP" />
    <result column="COUNTRY" jdbcType="VARCHAR" property="COUNTRY" />
    <result column="VERSION" jdbcType="INTEGER" property="VERSION" />
    <result column="SHOW_KEYFIND_NOTES" jdbcType="VARCHAR" property="SHOW_KEYFIND_NOTES" />
    <result column="IS_LOGOUT_BTN_SHOWN" jdbcType="VARCHAR" property="IS_LOGOUT_BTN_SHOWN" />
  </resultMap>
  <sql id="Example_Where_Clause">
    <!--
      WARNING - @mbggenerated
      This element is automatically generated by MyBatis Generator, do not modify.
      This element was generated on Wed Oct 21 20:19:24 EDT 2015.
    -->
    <where>
      <foreach collection="oredCriteria" item="criteria" separator="or">
        <if test="criteria.valid">
          <trim prefix="(" prefixOverrides="and" suffix=")">
            <foreach collection="criteria.criteria" item="criterion">
              <choose>
                <when test="criterion.noValue">
                  and ${criterion.condition}
                </when>
                <when test="criterion.singleValue">
                  and ${criterion.condition} #{criterion.value}
                </when>
                <when test="criterion.betweenValue">
                  and ${criterion.condition} #{criterion.value} and #{criterion.secondValue}
                </when>
                <when test="criterion.listValue">
                  and ${criterion.condition}
                  <foreach close=")" collection="criterion.value" item="listItem" open="(" separator=",">
                    #{listItem}
                  </foreach>
                </when>
              </choose>
            </foreach>
          </trim>
        </if>
      </foreach>
    </where>
  </sql>
  <sql id="Update_By_Example_Where_Clause">
    <!--
      WARNING - @mbggenerated
      This element is automatically generated by MyBatis Generator, do not modify.
      This element was generated on Wed Oct 21 20:19:24 EDT 2015.
    -->
    <where>
      <foreach collection="example.oredCriteria" item="criteria" separator="or">
        <if test="criteria.valid">
          <trim prefix="(" prefixOverrides="and" suffix=")">
            <foreach collection="criteria.criteria" item="criterion">
              <choose>
                <when test="criterion.noValue">
                  and ${criterion.condition}
                </when>
                <when test="criterion.singleValue">
                  and ${criterion.condition} #{criterion.value}
                </when>
                <when test="criterion.betweenValue">
                  and ${criterion.condition} #{criterion.value} and #{criterion.secondValue}
                </when>
                <when test="criterion.listValue">
                  and ${criterion.condition}
                  <foreach close=")" collection="criterion.value" item="listItem" open="(" separator=",">
                    #{listItem}
                  </foreach>
                </when>
              </choose>
            </foreach>
          </trim>
        </if>
      </foreach>
    </where>
  </sql>
  <sql id="Base_Column_List">
    <!--
      WARNING - @mbggenerated
      This element is automatically generated by MyBatis Generator, do not modify.
      This element was generated on Wed Oct 21 20:19:24 EDT 2015.
    -->
    ID, NAME, DISPLAY_NAME, IS_DELETED, ADDRESS1, ADDRESS2, CITY, STATE, ZIP, COUNTRY, 
    VERSION, SHOW_KEYFIND_NOTES, IS_LOGOUT_BTN_SHOWN
  </sql>
  <select id="selectByExample" parameterType="com.rstech.wordwatch.dao.RSClientExample" resultMap="BaseResultMap">
    <!--
      WARNING - @mbggenerated
      This element is automatically generated by MyBatis Generator, do not modify.
      This element was generated on Wed Oct 21 20:19:24 EDT 2015.
    -->
    select
    <if test="distinct">
      distinct
    </if>
    <include refid="Base_Column_List" />
    from rs_client
    <if test="_parameter != null">
      <include refid="Example_Where_Clause" />
    </if>
    <if test="orderByClause != null">
      order by ${orderByClause}
    </if>
  </select>
  <select id="selectByPrimaryKey" parameterType="java.lang.Long" resultMap="BaseResultMap">
    <!--
      WARNING - @mbggenerated
      This element is automatically generated by MyBatis Generator, do not modify.
      This element was generated on Wed Oct 21 20:19:24 EDT 2015.
    -->
    select 
    <include refid="Base_Column_List" />
    from rs_client
    where ID = #{ID,jdbcType=BIGINT}
  </select>
  <delete id="deleteByPrimaryKey" parameterType="java.lang.Long">
    <!--
      WARNING - @mbggenerated
      This element is automatically generated by MyBatis Generator, do not modify.
      This element was generated on Wed Oct 21 20:19:24 EDT 2015.
    -->
    delete from rs_client
    where ID = #{ID,jdbcType=BIGINT}
  </delete>
  <delete id="deleteByExample" parameterType="com.rstech.wordwatch.dao.RSClientExample">
    <!--
      WARNING - @mbggenerated
      This element is automatically generated by MyBatis Generator, do not modify.
      This element was generated on Wed Oct 21 20:19:24 EDT 2015.
    -->
    delete from rs_client
    <if test="_parameter != null">
      <include refid="Example_Where_Clause" />
    </if>
  </delete>
  <insert id="insert" parameterType="com.rstech.wordwatch.dao.RSClient">
    <!--
      WARNING - @mbggenerated
      This element is automatically generated by MyBatis Generator, do not modify.
      This element was generated on Wed Oct 21 20:19:24 EDT 2015.
    -->
    <selectKey keyProperty="ID" order="AFTER" resultType="java.lang.Long">
      SELECT LAST_INSERT_ID()
    </selectKey>
    insert into rs_client (NAME, DISPLAY_NAME, IS_DELETED, 
      ADDRESS1, ADDRESS2, CITY, 
      STATE, ZIP, COUNTRY, ID,
      VERSION, SHOW_KEYFIND_NOTES, IS_LOGOUT_BTN_SHOWN
      )
    values (#{NAME,jdbcType=VARCHAR}, #{DISPLAY_NAME,jdbcType=VARCHAR}, #{IS_DELETED,jdbcType=VARCHAR}, 
      #{ADDRESS1,jdbcType=VARCHAR}, #{ADDRESS2,jdbcType=VARCHAR}, #{CITY,jdbcType=VARCHAR}, 
      #{STATE,jdbcType=VARCHAR}, #{ZIP,jdbcType=VARCHAR}, #{COUNTRY,jdbcType=VARCHAR}, #{ID,jdbcType=BIGINT},
      #{VERSION,jdbcType=INTEGER}, #{SHOW_KEYFIND_NOTES,jdbcType=VARCHAR}, #{IS_LOGOUT_BTN_SHOWN,jdbcType=VARCHAR}
      )
  </insert>
  <insert id="insertSelective" parameterType="com.rstech.wordwatch.dao.RSClient">
    <!--
      WARNING - @mbggenerated
      This element is automatically generated by MyBatis Generator, do not modify.
      This element was generated on Wed Oct 21 20:19:24 EDT 2015.
    -->
    <selectKey keyProperty="ID" order="AFTER" resultType="java.lang.Long">
      SELECT LAST_INSERT_ID()
    </selectKey>
    insert into rs_client
    <trim prefix="(" suffix=")" suffixOverrides=",">
      <if test="NAME != null">
        NAME,
      </if>
      <if test="DISPLAY_NAME != null">
        DISPLAY_NAME,
      </if>
      <if test="IS_DELETED != null">
        IS_DELETED,
      </if>
      <if test="ADDRESS1 != null">
        ADDRESS1,
      </if>
      <if test="ADDRESS2 != null">
        ADDRESS2,
      </if>
      <if test="CITY != null">
        CITY,
      </if>
      <if test="STATE != null">
        STATE,
      </if>
      <if test="ZIP != null">
        ZIP,
      </if>
      <if test="COUNTRY != null">
        COUNTRY,
      </if>
      <if test="VERSION != null">
        VERSION,
      </if>
      <if test="SHOW_KEYFIND_NOTES != null">
        SHOW_KEYFIND_NOTES,
      </if>
      <if test="IS_LOGOUT_BTN_SHOWN != null">
        IS_LOGOUT_BTN_SHOWN,
      </if>
    </trim>
    <trim prefix="values (" suffix=")" suffixOverrides=",">
      <if test="NAME != null">
        #{NAME,jdbcType=VARCHAR},
      </if>
      <if test="DISPLAY_NAME != null">
        #{DISPLAY_NAME,jdbcType=VARCHAR},
      </if>
      <if test="IS_DELETED != null">
        #{IS_DELETED,jdbcType=VARCHAR},
      </if>
      <if test="ADDRESS1 != null">
        #{ADDRESS1,jdbcType=VARCHAR},
      </if>
      <if test="ADDRESS2 != null">
        #{ADDRESS2,jdbcType=VARCHAR},
      </if>
      <if test="CITY != null">
        #{CITY,jdbcType=VARCHAR},
      </if>
      <if test="STATE != null">
        #{STATE,jdbcType=VARCHAR},
      </if>
      <if test="ZIP != null">
        #{ZIP,jdbcType=VARCHAR},
      </if>
      <if test="COUNTRY != null">
        #{COUNTRY,jdbcType=VARCHAR},
      </if>
      <if test="VERSION != null">
        #{VERSION,jdbcType=INTEGER},
      </if>
      <if test="SHOW_KEYFIND_NOTES != null">
        #{SHOW_KEYFIND_NOTES,jdbcType=VARCHAR},
      </if>
      <if test="IS_LOGOUT_BTN_SHOWN != null">
        #{IS_LOGOUT_BTN_SHOWN,jdbcType=VARCHAR},
      </if>
    </trim>
  </insert>
  <select id="countByExample" parameterType="com.rstech.wordwatch.dao.RSClientExample" resultType="java.lang.Integer">
    <!--
      WARNING - @mbggenerated
      This element is automatically generated by MyBatis Generator, do not modify.
      This element was generated on Wed Oct 21 20:19:24 EDT 2015.
    -->
    select count(*) from rs_client
    <if test="_parameter != null">
      <include refid="Example_Where_Clause" />
    </if>
  </select>
  <update id="updateByExampleSelective" parameterType="map">
    <!--
      WARNING - @mbggenerated
      This element is automatically generated by MyBatis Generator, do not modify.
      This element was generated on Wed Oct 21 20:19:24 EDT 2015.
    -->
    update rs_client
    <set>
      <if test="record.ID != null">
        ID = #{record.ID,jdbcType=BIGINT},
      </if>
      <if test="record.NAME != null">
        NAME = #{record.NAME,jdbcType=VARCHAR},
      </if>
      <if test="record.DISPLAY_NAME != null">
        DISPLAY_NAME = #{record.DISPLAY_NAME,jdbcType=VARCHAR},
      </if>
      <if test="record.IS_DELETED != null">
        IS_DELETED = #{record.IS_DELETED,jdbcType=VARCHAR},
      </if>
      <if test="record.ADDRESS1 != null">
        ADDRESS1 = #{record.ADDRESS1,jdbcType=VARCHAR},
      </if>
      <if test="record.ADDRESS2 != null">
        ADDRESS2 = #{record.ADDRESS2,jdbcType=VARCHAR},
      </if>
      <if test="record.CITY != null">
        CITY = #{record.CITY,jdbcType=VARCHAR},
      </if>
      <if test="record.STATE != null">
        STATE = #{record.STATE,jdbcType=VARCHAR},
      </if>
      <if test="record.ZIP != null">
        ZIP = #{record.ZIP,jdbcType=VARCHAR},
      </if>
      <if test="record.COUNTRY != null">
        COUNTRY = #{record.COUNTRY,jdbcType=VARCHAR},
      </if>
      <if test="record.VERSION != null">
        VERSION = #{record.VERSION,jdbcType=INTEGER},
      </if>
      <if test="record.SHOW_KEYFIND_NOTES != null">
        SHOW_KEYFIND_NOTES = #{record.SHOW_KEYFIND_NOTES,jdbcType=VARCHAR},
      </if>
      <if test="record.IS_LOGOUT_BTN_SHOWN != null">
        IS_LOGOUT_BTN_SHOWN = #{record.IS_LOGOUT_BTN_SHOWN,jdbcType=VARCHAR},
      </if>
    </set>
    <if test="_parameter != null">
      <include refid="Update_By_Example_Where_Clause" />
    </if>
  </update>
  <update id="updateByExample" parameterType="map">
    <!--
      WARNING - @mbggenerated
      This element is automatically generated by MyBatis Generator, do not modify.
      This element was generated on Wed Oct 21 20:19:24 EDT 2015.
    -->
    update rs_client
    set ID = #{record.ID,jdbcType=BIGINT},
      NAME = #{record.NAME,jdbcType=VARCHAR},
      DISPLAY_NAME = #{record.DISPLAY_NAME,jdbcType=VARCHAR},
      IS_DELETED = #{record.IS_DELETED,jdbcType=VARCHAR},
      ADDRESS1 = #{record.ADDRESS1,jdbcType=VARCHAR},
      ADDRESS2 = #{record.ADDRESS2,jdbcType=VARCHAR},
      CITY = #{record.CITY,jdbcType=VARCHAR},
      STATE = #{record.STATE,jdbcType=VARCHAR},
      ZIP = #{record.ZIP,jdbcType=VARCHAR},
      COUNTRY = #{record.COUNTRY,jdbcType=VARCHAR},
      VERSION = #{record.VERSION,jdbcType=INTEGER},
      SHOW_KEYFIND_NOTES = #{record.SHOW_KEYFIND_NOTES,jdbcType=VARCHAR},
      IS_LOGOUT_BTN_SHOWN = #{record.IS_LOGOUT_BTN_SHOWN,jdbcType=VARCHAR}
    <if test="_parameter != null">
      <include refid="Update_By_Example_Where_Clause" />
    </if>
  </update>
  <update id="updateByPrimaryKeySelective" parameterType="com.rstech.wordwatch.dao.RSClient">
    <!--
      WARNING - @mbggenerated
      This element is automatically generated by MyBatis Generator, do not modify.
      This element was generated on Wed Oct 21 20:19:24 EDT 2015.
    -->
    update rs_client
    <set>
      <if test="NAME != null">
        NAME = #{NAME,jdbcType=VARCHAR},
      </if>
      <if test="DISPLAY_NAME != null">
        DISPLAY_NAME = #{DISPLAY_NAME,jdbcType=VARCHAR},
      </if>
      <if test="IS_DELETED != null">
        IS_DELETED = #{IS_DELETED,jdbcType=VARCHAR},
      </if>
      <if test="ADDRESS1 != null">
        ADDRESS1 = #{ADDRESS1,jdbcType=VARCHAR},
      </if>
      <if test="ADDRESS2 != null">
        ADDRESS2 = #{ADDRESS2,jdbcType=VARCHAR},
      </if>
      <if test="CITY != null">
        CITY = #{CITY,jdbcType=VARCHAR},
      </if>
      <if test="STATE != null">
        STATE = #{STATE,jdbcType=VARCHAR},
      </if>
      <if test="ZIP != null">
        ZIP = #{ZIP,jdbcType=VARCHAR},
      </if>
      <if test="COUNTRY != null">
        COUNTRY = #{COUNTRY,jdbcType=VARCHAR},
      </if>
      <if test="VERSION != null">
        VERSION = #{VERSION,jdbcType=INTEGER},
      </if>
      <if test="SHOW_KEYFIND_NOTES != null">
        SHOW_KEYFIND_NOTES = #{SHOW_KEYFIND_NOTES,jdbcType=VARCHAR},
      </if>
      <if test="IS_LOGOUT_BTN_SHOWN != null">
        IS_LOGOUT_BTN_SHOWN = #{IS_LOGOUT_BTN_SHOWN,jdbcType=VARCHAR},
      </if>
    </set>
    where ID = #{ID,jdbcType=BIGINT}
  </update>
  <update id="updateByPrimaryKey" parameterType="com.rstech.wordwatch.dao.RSClient">
    <!--
      WARNING - @mbggenerated
      This element is automatically generated by MyBatis Generator, do not modify.
      This element was generated on Wed Oct 21 20:19:24 EDT 2015.
    -->
    update rs_client
    set NAME = #{NAME,jdbcType=VARCHAR},
      DISPLAY_NAME = #{DISPLAY_NAME,jdbcType=VARCHAR},
      IS_DELETED = #{IS_DELETED,jdbcType=VARCHAR},
      ADDRESS1 = #{ADDRESS1,jdbcType=VARCHAR},
      ADDRESS2 = #{ADDRESS2,jdbcType=VARCHAR},
      CITY = #{CITY,jdbcType=VARCHAR},
      STATE = #{STATE,jdbcType=VARCHAR},
      ZIP = #{ZIP,jdbcType=VARCHAR},
      COUNTRY = #{COUNTRY,jdbcType=VARCHAR},
      VERSION = #{VERSION,jdbcType=INTEGER},
      SHOW_KEYFIND_NOTES = #{SHOW_KEYFIND_NOTES,jdbcType=VARCHAR},
      IS_LOGOUT_BTN_SHOWN = #{IS_LOGOUT_BTN_SHOWN,jdbcType=VARCHAR}
    where ID = #{ID,jdbcType=BIGINT}
  </update>
</mapper>