<?xml version="1.0" encoding="UTF-8"?>
<!DOCTYPE mapper PUBLIC "-//mybatis.org//DTD Mapper 3.0//EN" "http://mybatis.org/dtd/mybatis-3-mapper.dtd">
<mapper namespace="com.rstech.wordwatch.dao.mapper.RSSessionDAOMapper">
  <resultMap id="BaseResultMap" type="com.rstech.wordwatch.dao.RSSessionDAO">
    <!--
      WARNING - @mbggenerated
      This element is automatically generated by MyBatis Generator, do not modify.
      This element was generated on Wed Oct 21 20:19:24 EDT 2015.
    -->
    <id column="ID" jdbcType="BIGINT" property="ID" />
    <result column="START_TIMESTAMP" jdbcType="TIMESTAMP" property="START_TIMESTAMP" />
    <result column="END_TIMESTAMP" jdbcType="TIMESTAMP" property="END_TIMESTAMP" />
    <result column="LOGIN" jdbcType="VARCHAR" property="LOGIN" />
    <result column="VERSION" jdbcType="INTEGER" property="VERSION" />
  </resultMap>
  <sql id="Example_Where_Clause">
    <!--
      WARNING - @mbggenerated
      This element is automatically generated by MyBatis Generator, do not modify.
      This element was generated on Wed Oct 21 20:19:24 EDT 2015.
    -->
    <where>
      <foreach collection="oredCriteria" item="criteria" separator="or">
        <if test="criteria.valid">
          <trim prefix="(" prefixOverrides="and" suffix=")">
            <foreach collection="criteria.criteria" item="criterion">
              <choose>
                <when test="criterion.noValue">
                  and ${criterion.condition}
                </when>
                <when test="criterion.singleValue">
                  and ${criterion.condition} #{criterion.value}
                </when>
                <when test="criterion.betweenValue">
                  and ${criterion.condition} #{criterion.value} and #{criterion.secondValue}
                </when>
                <when test="criterion.listValue">
                  and ${criterion.condition}
                  <foreach close=")" collection="criterion.value" item="listItem" open="(" separator=",">
                    #{listItem}
                  </foreach>
                </when>
              </choose>
            </foreach>
          </trim>
        </if>
      </foreach>
    </where>
  </sql>
  <sql id="Update_By_Example_Where_Clause">
    <!--
      WARNING - @mbggenerated
      This element is automatically generated by MyBatis Generator, do not modify.
      This element was generated on Wed Oct 21 20:19:24 EDT 2015.
    -->
    <where>
      <foreach collection="example.oredCriteria" item="criteria" separator="or">
        <if test="criteria.valid">
          <trim prefix="(" prefixOverrides="and" suffix=")">
            <foreach collection="criteria.criteria" item="criterion">
              <choose>
                <when test="criterion.noValue">
                  and ${criterion.condition}
                </when>
                <when test="criterion.singleValue">
                  and ${criterion.condition} #{criterion.value}
                </when>
                <when test="criterion.betweenValue">
                  and ${criterion.condition} #{criterion.value} and #{criterion.secondValue}
                </when>
                <when test="criterion.listValue">
                  and ${criterion.condition}
                  <foreach close=")" collection="criterion.value" item="listItem" open="(" separator=",">
                    #{listItem}
                  </foreach>
                </when>
              </choose>
            </foreach>
          </trim>
        </if>
      </foreach>
    </where>
  </sql>
  <sql id="Base_Column_List">
    <!--
      WARNING - @mbggenerated
      This element is automatically generated by MyBatis Generator, do not modify.
      This element was generated on Wed Oct 21 20:19:24 EDT 2015.
    -->
    ID, START_TIMESTAMP, END_TIMESTAMP, LOGIN, VERSION
  </sql>
  <select id="selectByExample" parameterType="com.rstech.wordwatch.dao.RSSessionDAOExample" resultMap="BaseResultMap">
    <!--
      WARNING - @mbggenerated
      This element is automatically generated by MyBatis Generator, do not modify.
      This element was generated on Wed Oct 21 20:19:24 EDT 2015.
    -->
    select
    <if test="distinct">
      distinct
    </if>
    <include refid="Base_Column_List" />
    from rs_session
    <if test="_parameter != null">
      <include refid="Example_Where_Clause" />
    </if>
    <if test="orderByClause != null">
      order by ${orderByClause}
    </if>
  </select>
  <select id="selectByPrimaryKey" parameterType="java.lang.Long" resultMap="BaseResultMap">
    <!--
      WARNING - @mbggenerated
      This element is automatically generated by MyBatis Generator, do not modify.
      This element was generated on Wed Oct 21 20:19:24 EDT 2015.
    -->
    select 
    <include refid="Base_Column_List" />
    from rs_session
    where ID = #{ID,jdbcType=BIGINT}
  </select>
  <delete id="deleteByPrimaryKey" parameterType="java.lang.Long">
    <!--
      WARNING - @mbggenerated
      This element is automatically generated by MyBatis Generator, do not modify.
      This element was generated on Wed Oct 21 20:19:24 EDT 2015.
    -->
    delete from rs_session
    where ID = #{ID,jdbcType=BIGINT}
  </delete>
  <delete id="deleteByExample" parameterType="com.rstech.wordwatch.dao.RSSessionDAOExample">
    <!--
      WARNING - @mbggenerated
      This element is automatically generated by MyBatis Generator, do not modify.
      This element was generated on Wed Oct 21 20:19:24 EDT 2015.
    -->
    delete from rs_session
    <if test="_parameter != null">
      <include refid="Example_Where_Clause" />
    </if>
  </delete>
  <insert id="insert" parameterType="com.rstech.wordwatch.dao.RSSessionDAO">
    <!--
      WARNING - @mbggenerated
      This element is automatically generated by MyBatis Generator, do not modify.
      This element was generated on Wed Oct 21 20:19:24 EDT 2015.
    -->
    <selectKey keyProperty="ID" order="AFTER" resultType="java.lang.Long">
      SELECT LAST_INSERT_ID()
    </selectKey>
    insert into rs_session (START_TIMESTAMP, END_TIMESTAMP, 
      LOGIN, VERSION)
    values (#{START_TIMESTAMP,jdbcType=TIMESTAMP}, #{END_TIMESTAMP,jdbcType=TIMESTAMP}, 
      #{LOGIN,jdbcType=VARCHAR}, #{VERSION,jdbcType=INTEGER})
  </insert>
  <insert id="insertSelective" parameterType="com.rstech.wordwatch.dao.RSSessionDAO">
    <!--
      WARNING - @mbggenerated
      This element is automatically generated by MyBatis Generator, do not modify.
      This element was generated on Wed Oct 21 20:19:24 EDT 2015.
    -->
    <selectKey keyProperty="ID" order="AFTER" resultType="java.lang.Long">
      SELECT LAST_INSERT_ID()
    </selectKey>
    insert into rs_session
    <trim prefix="(" suffix=")" suffixOverrides=",">
      <if test="START_TIMESTAMP != null">
        START_TIMESTAMP,
      </if>
      <if test="END_TIMESTAMP != null">
        END_TIMESTAMP,
      </if>
      <if test="LOGIN != null">
        LOGIN,
      </if>
      <if test="VERSION != null">
        VERSION,
      </if>
    </trim>
    <trim prefix="values (" suffix=")" suffixOverrides=",">
      <if test="START_TIMESTAMP != null">
        #{START_TIMESTAMP,jdbcType=TIMESTAMP},
      </if>
      <if test="END_TIMESTAMP != null">
        #{END_TIMESTAMP,jdbcType=TIMESTAMP},
      </if>
      <if test="LOGIN != null">
        #{LOGIN,jdbcType=VARCHAR},
      </if>
      <if test="VERSION != null">
        #{VERSION,jdbcType=INTEGER},
      </if>
    </trim>
  </insert>
  <select id="countByExample" parameterType="com.rstech.wordwatch.dao.RSSessionDAOExample" resultType="java.lang.Integer">
    <!--
      WARNING - @mbggenerated
      This element is automatically generated by MyBatis Generator, do not modify.
      This element was generated on Wed Oct 21 20:19:24 EDT 2015.
    -->
    select count(*) from rs_session
    <if test="_parameter != null">
      <include refid="Example_Where_Clause" />
    </if>
  </select>
  <update id="updateByExampleSelective" parameterType="map">
    <!--
      WARNING - @mbggenerated
      This element is automatically generated by MyBatis Generator, do not modify.
      This element was generated on Wed Oct 21 20:19:24 EDT 2015.
    -->
    update rs_session
    <set>
      <if test="record.ID != null">
        ID = #{record.ID,jdbcType=BIGINT},
      </if>
      <if test="record.START_TIMESTAMP != null">
        START_TIMESTAMP = #{record.START_TIMESTAMP,jdbcType=TIMESTAMP},
      </if>
      <if test="record.END_TIMESTAMP != null">
        END_TIMESTAMP = #{record.END_TIMESTAMP,jdbcType=TIMESTAMP},
      </if>
      <if test="record.LOGIN != null">
        LOGIN = #{record.LOGIN,jdbcType=VARCHAR},
      </if>
      <if test="record.VERSION != null">
        VERSION = #{record.VERSION,jdbcType=INTEGER},
      </if>
    </set>
    <if test="_parameter != null">
      <include refid="Update_By_Example_Where_Clause" />
    </if>
  </update>
  <update id="updateByExample" parameterType="map">
    <!--
      WARNING - @mbggenerated
      This element is automatically generated by MyBatis Generator, do not modify.
      This element was generated on Wed Oct 21 20:19:24 EDT 2015.
    -->
    update rs_session
    set ID = #{record.ID,jdbcType=BIGINT},
      START_TIMESTAMP = #{record.START_TIMESTAMP,jdbcType=TIMESTAMP},
      END_TIMESTAMP = #{record.END_TIMESTAMP,jdbcType=TIMESTAMP},
      LOGIN = #{record.LOGIN,jdbcType=VARCHAR},
      VERSION = #{record.VERSION,jdbcType=INTEGER}
    <if test="_parameter != null">
      <include refid="Update_By_Example_Where_Clause" />
    </if>
  </update>
  <update id="updateByPrimaryKeySelective" parameterType="com.rstech.wordwatch.dao.RSSessionDAO">
    <!--
      WARNING - @mbggenerated
      This element is automatically generated by MyBatis Generator, do not modify.
      This element was generated on Wed Oct 21 20:19:24 EDT 2015.
    -->
    update rs_session
    <set>
      <if test="START_TIMESTAMP != null">
        START_TIMESTAMP = #{START_TIMESTAMP,jdbcType=TIMESTAMP},
      </if>
      <if test="END_TIMESTAMP != null">
        END_TIMESTAMP = #{END_TIMESTAMP,jdbcType=TIMESTAMP},
      </if>
      <if test="LOGIN != null">
        LOGIN = #{LOGIN,jdbcType=VARCHAR},
      </if>
      <if test="VERSION != null">
        VERSION = #{VERSION,jdbcType=INTEGER},
      </if>
    </set>
    where ID = #{ID,jdbcType=BIGINT}
  </update>
  <update id="updateByPrimaryKey" parameterType="com.rstech.wordwatch.dao.RSSessionDAO">
    <!--
      WARNING - @mbggenerated
      This element is automatically generated by MyBatis Generator, do not modify.
      This element was generated on Wed Oct 21 20:19:24 EDT 2015.
    -->
    update rs_session
    set START_TIMESTAMP = #{START_TIMESTAMP,jdbcType=TIMESTAMP},
      END_TIMESTAMP = #{END_TIMESTAMP,jdbcType=TIMESTAMP},
      LOGIN = #{LOGIN,jdbcType=VARCHAR},
      VERSION = #{VERSION,jdbcType=INTEGER}
    where ID = #{ID,jdbcType=BIGINT}
  </update>
</mapper>