<?xml version="1.0" encoding="UTF-8" ?>
<!DOCTYPE mapper PUBLIC "-//mybatis.org//DTD Mapper 3.0//EN" "http://mybatis.org/dtd/mybatis-3-mapper.dtd" >
<mapper namespace="com.rstech.wordwatch.dao.mapper.RSSessionDAOMapper" >
  <resultMap id="BaseResultMap" type="com.rstech.wordwatch.dao.RSSessionDAO" >
    <!--
      WARNING - @mbggenerated
      This element is automatically generated by MyBatis Generator, do not modify.
      This element was generated on Sat Oct 27 20:03:51 EDT 2012.
    -->
    <id column="ID" property="ID" jdbcType="BIGINT" />
    <result column="START_TIMESTAMP" property="START_TIMESTAMP" jdbcType="TIMESTAMP" />
    <result column="END_TIMESTAMP" property="END_TIMESTAMP" jdbcType="TIMESTAMP" />
    <result column="LOGIN" property="LOGIN" jdbcType="VARCHAR" />
    <result column="VERSION" property="VERSION" jdbcType="INTEGER" />
  </resultMap>
  <sql id="Example_Where_Clause" >
    <!--
      WARNING - @mbggenerated
      This element is automatically generated by MyBatis Generator, do not modify.
      This element was generated on Sat Oct 27 20:03:51 EDT 2012.
    -->
    <where >
      <foreach collection="oredCriteria" item="criteria" separator="or" >
        <if test="criteria.valid" >
          <trim prefix="(" suffix=")" prefixOverrides="and" >
            <foreach collection="criteria.criteria" item="criterion" >
              <choose >
                <when test="criterion.noValue" >
                  and ${criterion.condition}
                </when>
                <when test="criterion.singleValue" >
                  and ${criterion.condition} #{criterion.value}
                </when>
                <when test="criterion.betweenValue" >
                  and ${criterion.condition} #{criterion.value} and #{criterion.secondValue}
                </when>
                <when test="criterion.listValue" >
                  and ${criterion.condition}
                  <foreach collection="criterion.value" item="listItem" open="(" close=")" separator="," >
                    #{listItem}
                  </foreach>
                </when>
              </choose>
            </foreach>
          </trim>
        </if>
      </foreach>
    </where>
  </sql>
  <sql id="Update_By_Example_Where_Clause" >
    <!--
      WARNING - @mbggenerated
      This element is automatically generated by MyBatis Generator, do not modify.
      This element was generated on Sat Oct 27 20:03:51 EDT 2012.
    -->
    <where >
      <foreach collection="example.oredCriteria" item="criteria" separator="or" >
        <if test="criteria.valid" >
          <trim prefix="(" suffix=")" prefixOverrides="and" >
            <foreach collection="criteria.criteria" item="criterion" >
              <choose >
                <when test="criterion.noValue" >
                  and ${criterion.condition}
                </when>
                <when test="criterion.singleValue" >
                  and ${criterion.condition} #{criterion.value}
                </when>
                <when test="criterion.betweenValue" >
                  and ${criterion.condition} #{criterion.value} and #{criterion.secondValue}
                </when>
                <when test="criterion.listValue" >
                  and ${criterion.condition}
                  <foreach collection="criterion.value" item="listItem" open="(" close=")" separator="," >
                    #{listItem}
                  </foreach>
                </when>
              </choose>
            </foreach>
          </trim>
        </if>
      </foreach>
    </where>
  </sql>
  <sql id="Base_Column_List" >
    <!--
      WARNING - @mbggenerated
      This element is automatically generated by MyBatis Generator, do not modify.
      This element was generated on Sat Oct 27 20:03:51 EDT 2012.
    -->
    ID, START_TIMESTAMP, END_TIMESTAMP, LOGIN, VERSION
  </sql>
  <select id="selectByExample" resultMap="BaseResultMap" parameterType="com.rstech.wordwatch.dao.RSSessionDAOExample" >
    <!--
      WARNING - @mbggenerated
      This element is automatically generated by MyBatis Generator, do not modify.
      This element was generated on Sat Oct 27 20:03:51 EDT 2012.
    -->
    select
    <if test="distinct" >
      distinct
    </if>
    <include refid="Base_Column_List" />
    from RS_SESSION
    <if test="_parameter != null" >
      <include refid="Example_Where_Clause" />
    </if>
    <if test="orderByClause != null" >
      order by ${orderByClause}
    </if>
  </select>
  <select id="selectByPrimaryKey" resultMap="BaseResultMap" parameterType="java.lang.Long" >
    <!--
      WARNING - @mbggenerated
      This element is automatically generated by MyBatis Generator, do not modify.
      This element was generated on Sat Oct 27 20:03:51 EDT 2012.
    -->
    select 
    <include refid="Base_Column_List" />
    from RS_SESSION
    where ID = #{ID,jdbcType=BIGINT}
  </select>
  <delete id="deleteByPrimaryKey" parameterType="java.lang.Long" >
    <!--
      WARNING - @mbggenerated
      This element is automatically generated by MyBatis Generator, do not modify.
      This element was generated on Sat Oct 27 20:03:51 EDT 2012.
    -->
    delete from RS_SESSION
    where ID = #{ID,jdbcType=BIGINT}
  </delete>
  <delete id="deleteByExample" parameterType="com.rstech.wordwatch.dao.RSSessionDAOExample" >
    <!--
      WARNING - @mbggenerated
      This element is automatically generated by MyBatis Generator, do not modify.
      This element was generated on Sat Oct 27 20:03:51 EDT 2012.
    -->
    delete from RS_SESSION
    <if test="_parameter != null" >
      <include refid="Example_Where_Clause" />
    </if>
  </delete>
  <insert id="insert" parameterType="com.rstech.wordwatch.dao.RSSessionDAO" >
    <!--
      WARNING - @mbggenerated
      This element is automatically generated by MyBatis Generator, do not modify.
      This element was generated on Sat Oct 27 20:03:51 EDT 2012.
    -->
    <selectKey resultType="java.lang.Long" keyProperty="ID" order="AFTER" >
      SELECT LAST_INSERT_ID()
    </selectKey>
    insert into RS_SESSION (START_TIMESTAMP, END_TIMESTAMP, 
      LOGIN, VERSION)
    values (#{START_TIMESTAMP,jdbcType=TIMESTAMP}, #{END_TIMESTAMP,jdbcType=TIMESTAMP}, 
      #{LOGIN,jdbcType=VARCHAR}, #{VERSION,jdbcType=INTEGER})
  </insert>
  <insert id="insertSelective" parameterType="com.rstech.wordwatch.dao.RSSessionDAO" >
    <!--
      WARNING - @mbggenerated
      This element is automatically generated by MyBatis Generator, do not modify.
      This element was generated on Sat Oct 27 20:03:51 EDT 2012.
    -->
    <selectKey resultType="java.lang.Long" keyProperty="ID" order="AFTER" >
      SELECT LAST_INSERT_ID()
    </selectKey>
    insert into RS_SESSION
    <trim prefix="(" suffix=")" suffixOverrides="," >
      <if test="START_TIMESTAMP != null" >
        START_TIMESTAMP,
      </if>
      <if test="END_TIMESTAMP != null" >
        END_TIMESTAMP,
      </if>
      <if test="LOGIN != null" >
        LOGIN,
      </if>
      <if test="VERSION != null" >
        VERSION,
      </if>
    </trim>
    <trim prefix="values (" suffix=")" suffixOverrides="," >
      <if test="START_TIMESTAMP != null" >
        #{START_TIMESTAMP,jdbcType=TIMESTAMP},
      </if>
      <if test="END_TIMESTAMP != null" >
        #{END_TIMESTAMP,jdbcType=TIMESTAMP},
      </if>
      <if test="LOGIN != null" >
        #{LOGIN,jdbcType=VARCHAR},
      </if>
      <if test="VERSION != null" >
        #{VERSION,jdbcType=INTEGER},
      </if>
    </trim>
  </insert>
  <select id="countByExample" parameterType="com.rstech.wordwatch.dao.RSSessionDAOExample" resultType="java.lang.Integer" >
    <!--
      WARNING - @mbggenerated
      This element is automatically generated by MyBatis Generator, do not modify.
      This element was generated on Sat Oct 27 20:03:51 EDT 2012.
    -->
    select count(*) from RS_SESSION
    <if test="_parameter != null" >
      <include refid="Example_Where_Clause" />
    </if>
  </select>
  <update id="updateByExampleSelective" parameterType="map" >
    <!--
      WARNING - @mbggenerated
      This element is automatically generated by MyBatis Generator, do not modify.
      This element was generated on Sat Oct 27 20:03:51 EDT 2012.
    -->
    update RS_SESSION
    <set >
      <if test="record.ID != null" >
        ID = #{record.ID,jdbcType=BIGINT},
      </if>
      <if test="record.START_TIMESTAMP != null" >
        START_TIMESTAMP = #{record.START_TIMESTAMP,jdbcType=TIMESTAMP},
      </if>
      <if test="record.END_TIMESTAMP != null" >
        END_TIMESTAMP = #{record.END_TIMESTAMP,jdbcType=TIMESTAMP},
      </if>
      <if test="record.LOGIN != null" >
        LOGIN = #{record.LOGIN,jdbcType=VARCHAR},
      </if>
      <if test="record.VERSION != null" >
        VERSION = #{record.VERSION,jdbcType=INTEGER},
      </if>
    </set>
    <if test="_parameter != null" >
      <include refid="Update_By_Example_Where_Clause" />
    </if>
  </update>
  <update id="updateByExample" parameterType="map" >
    <!--
      WARNING - @mbggenerated
      This element is automatically generated by MyBatis Generator, do not modify.
      This element was generated on Sat Oct 27 20:03:51 EDT 2012.
    -->
    update RS_SESSION
    set ID = #{record.ID,jdbcType=BIGINT},
      START_TIMESTAMP = #{record.START_TIMESTAMP,jdbcType=TIMESTAMP},
      END_TIMESTAMP = #{record.END_TIMESTAMP,jdbcType=TIMESTAMP},
      LOGIN = #{record.LOGIN,jdbcType=VARCHAR},
      VERSION = #{record.VERSION,jdbcType=INTEGER}
    <if test="_parameter != null" >
      <include refid="Update_By_Example_Where_Clause" />
    </if>
  </update>
  <update id="updateByPrimaryKeySelective" parameterType="com.rstech.wordwatch.dao.RSSessionDAO" >
    <!--
      WARNING - @mbggenerated
      This element is automatically generated by MyBatis Generator, do not modify.
      This element was generated on Sat Oct 27 20:03:51 EDT 2012.
    -->
    update RS_SESSION
    <set >
      <if test="START_TIMESTAMP != null" >
        START_TIMESTAMP = #{START_TIMESTAMP,jdbcType=TIMESTAMP},
      </if>
      <if test="END_TIMESTAMP != null" >
        END_TIMESTAMP = #{END_TIMESTAMP,jdbcType=TIMESTAMP},
      </if>
      <if test="LOGIN != null" >
        LOGIN = #{LOGIN,jdbcType=VARCHAR},
      </if>
      <if test="VERSION != null" >
        VERSION = #{VERSION,jdbcType=INTEGER},
      </if>
    </set>
    where ID = #{ID,jdbcType=BIGINT}
  </update>
  <update id="updateByPrimaryKey" parameterType="com.rstech.wordwatch.dao.RSSessionDAO" >
    <!--
      WARNING - @mbggenerated
      This element is automatically generated by MyBatis Generator, do not modify.
      This element was generated on Sat Oct 27 20:03:51 EDT 2012.
    -->
    update RS_SESSION
    set START_TIMESTAMP = #{START_TIMESTAMP,jdbcType=TIMESTAMP},
      END_TIMESTAMP = #{END_TIMESTAMP,jdbcType=TIMESTAMP},
      LOGIN = #{LOGIN,jdbcType=VARCHAR},
      VERSION = #{VERSION,jdbcType=INTEGER}
    where ID = #{ID,jdbcType=BIGINT}
  </update>
</mapper>