<?xml version="1.0" encoding="UTF-8" ?>
<!DOCTYPE mapper PUBLIC "-//mybatis.org//DTD Mapper 3.0//EN" "http://mybatis.org/dtd/mybatis-3-mapper.dtd" >
<mapper namespace="com.rstech.wordwatch.dao.mapper.RSStaffMapper" >
  <resultMap id="BaseResultMap" type="com.rstech.wordwatch.dao.RSStaff" >
    <!--
      WARNING - @mbggenerated
      This element is automatically generated by MyBatis Generator, do not modify.
      This element was generated on Mon Nov 05 19:59:23 EST 2012.
    -->
    <id column="ID" property="ID" jdbcType="BIGINT" />
    <result column="LOGIN" property="LOGIN" jdbcType="VARCHAR" />
    <result column="FIRST_NAME" property="FIRST_NAME" jdbcType="VARCHAR" />
    <result column="LAST_NAME" property="LAST_NAME" jdbcType="VARCHAR" />
    <result column="PASSWORD" property="PASSWORD" jdbcType="VARCHAR" />
    <result column="EMAIL" property="EMAIL" jdbcType="VARCHAR" />
    <result column="IS_DELETED" property="IS_DELETED" jdbcType="VARCHAR" />
    <result column="PHONE1" property="PHONE1" jdbcType="VARCHAR" />
    <result column="PHONE2" property="PHONE2" jdbcType="VARCHAR" />
    <result column="ADDRESS1" property="ADDRESS1" jdbcType="VARCHAR" />
    <result column="ADDRESS2" property="ADDRESS2" jdbcType="VARCHAR" />
    <result column="CITY" property="CITY" jdbcType="VARCHAR" />
    <result column="STATE" property="STATE" jdbcType="VARCHAR" />
    <result column="ZIP" property="ZIP" jdbcType="VARCHAR" />
    <result column="COUNTRY" property="COUNTRY" jdbcType="VARCHAR" />
    <result column="VERSION" property="VERSION" jdbcType="INTEGER" />
    <result column="IS_ADMIN" property="IS_ADMIN" jdbcType="VARCHAR" />
    <result column="IS_PROGRAMMER" property="IS_PROGRAMMER" jdbcType="VARCHAR" />
    <result column="LOGIN_COOKIE" property="LOGIN_COOKIE" jdbcType="VARCHAR" />
    <result column="CM_PRINICPAL_ID" property="CM_PRINICPAL_ID" jdbcType="VARCHAR" />
  </resultMap>
  <sql id="Example_Where_Clause" >
    <!--
      WARNING - @mbggenerated
      This element is automatically generated by MyBatis Generator, do not modify.
      This element was generated on Mon Nov 05 19:59:23 EST 2012.
    -->
    <where >
      <foreach collection="oredCriteria" item="criteria" separator="or" >
        <if test="criteria.valid" >
          <trim prefix="(" suffix=")" prefixOverrides="and" >
            <foreach collection="criteria.criteria" item="criterion" >
              <choose >
                <when test="criterion.noValue" >
                  and ${criterion.condition}
                </when>
                <when test="criterion.singleValue" >
                  and ${criterion.condition} #{criterion.value}
                </when>
                <when test="criterion.betweenValue" >
                  and ${criterion.condition} #{criterion.value} and #{criterion.secondValue}
                </when>
                <when test="criterion.listValue" >
                  and ${criterion.condition}
                  <foreach collection="criterion.value" item="listItem" open="(" close=")" separator="," >
                    #{listItem}
                  </foreach>
                </when>
              </choose>
            </foreach>
          </trim>
        </if>
      </foreach>
    </where>
  </sql>
  <sql id="Update_By_Example_Where_Clause" >
    <!--
      WARNING - @mbggenerated
      This element is automatically generated by MyBatis Generator, do not modify.
      This element was generated on Mon Nov 05 19:59:23 EST 2012.
    -->
    <where >
      <foreach collection="example.oredCriteria" item="criteria" separator="or" >
        <if test="criteria.valid" >
          <trim prefix="(" suffix=")" prefixOverrides="and" >
            <foreach collection="criteria.criteria" item="criterion" >
              <choose >
                <when test="criterion.noValue" >
                  and ${criterion.condition}
                </when>
                <when test="criterion.singleValue" >
                  and ${criterion.condition} #{criterion.value}
                </when>
                <when test="criterion.betweenValue" >
                  and ${criterion.condition} #{criterion.value} and #{criterion.secondValue}
                </when>
                <when test="criterion.listValue" >
                  and ${criterion.condition}
                  <foreach collection="criterion.value" item="listItem" open="(" close=")" separator="," >
                    #{listItem}
                  </foreach>
                </when>
              </choose>
            </foreach>
          </trim>
        </if>
      </foreach>
    </where>
  </sql>
  <sql id="Base_Column_List" >
    <!--
      WARNING - @mbggenerated
      This element is automatically generated by MyBatis Generator, do not modify.
      This element was generated on Mon Nov 05 19:59:23 EST 2012.
    -->
    ID, LOGIN, FIRST_NAME, LAST_NAME, PASSWORD, EMAIL, IS_DELETED, PHONE1, PHONE2, ADDRESS1, 
    ADDRESS2, CITY, STATE, ZIP, COUNTRY, VERSION, IS_ADMIN, IS_PROGRAMMER, LOGIN_COOKIE, 
    CM_PRINICPAL_ID
  </sql>
  <select id="selectByExample" resultMap="BaseResultMap" parameterType="com.rstech.wordwatch.dao.RSStaffExample" >
    <!--
      WARNING - @mbggenerated
      This element is automatically generated by MyBatis Generator, do not modify.
      This element was generated on Mon Nov 05 19:59:23 EST 2012.
    -->
    select
    <if test="distinct" >
      distinct
    </if>
    <include refid="Base_Column_List" />
    from RS_STAFF
    <if test="_parameter != null" >
      <include refid="Example_Where_Clause" />
    </if>
    <if test="orderByClause != null" >
      order by ${orderByClause}
    </if>
  </select>
  <select id="selectByPrimaryKey" resultMap="BaseResultMap" parameterType="java.lang.Long" >
    <!--
      WARNING - @mbggenerated
      This element is automatically generated by MyBatis Generator, do not modify.
      This element was generated on Mon Nov 05 19:59:23 EST 2012.
    -->
    select 
    <include refid="Base_Column_List" />
    from RS_STAFF
    where ID = #{ID,jdbcType=BIGINT}
  </select>
  <delete id="deleteByPrimaryKey" parameterType="java.lang.Long" >
    <!--
      WARNING - @mbggenerated
      This element is automatically generated by MyBatis Generator, do not modify.
      This element was generated on Mon Nov 05 19:59:23 EST 2012.
    -->
    delete from RS_STAFF
    where ID = #{ID,jdbcType=BIGINT}
  </delete>
  <delete id="deleteByExample" parameterType="com.rstech.wordwatch.dao.RSStaffExample" >
    <!--
      WARNING - @mbggenerated
      This element is automatically generated by MyBatis Generator, do not modify.
      This element was generated on Mon Nov 05 19:59:23 EST 2012.
    -->
    delete from RS_STAFF
    <if test="_parameter != null" >
      <include refid="Example_Where_Clause" />
    </if>
  </delete>
  <insert id="insert" parameterType="com.rstech.wordwatch.dao.RSStaff" >
    <!--
      WARNING - @mbggenerated
      This element is automatically generated by MyBatis Generator, do not modify.
      This element was generated on Mon Nov 05 19:59:23 EST 2012.
    -->
    <selectKey resultType="java.lang.Long" keyProperty="ID" order="AFTER" >
      SELECT LAST_INSERT_ID()
    </selectKey>
    insert into RS_STAFF (LOGIN, FIRST_NAME, LAST_NAME, 
      PASSWORD, EMAIL, IS_DELETED, 
      PHONE1, PHONE2, ADDRESS1, 
      ADDRESS2, CITY, STATE, 
      ZIP, COUNTRY, VERSION, 
      IS_ADMIN, IS_PROGRAMMER, LOGIN_COOKIE, 
      CM_PRINICPAL_ID)
    values (#{LOGIN,jdbcType=VARCHAR}, #{FIRST_NAME,jdbcType=VARCHAR}, #{LAST_NAME,jdbcType=VARCHAR}, 
      #{PASSWORD,jdbcType=VARCHAR}, #{EMAIL,jdbcType=VARCHAR}, #{IS_DELETED,jdbcType=VARCHAR}, 
      #{PHONE1,jdbcType=VARCHAR}, #{PHONE2,jdbcType=VARCHAR}, #{ADDRESS1,jdbcType=VARCHAR}, 
      #{ADDRESS2,jdbcType=VARCHAR}, #{CITY,jdbcType=VARCHAR}, #{STATE,jdbcType=VARCHAR}, 
      #{ZIP,jdbcType=VARCHAR}, #{COUNTRY,jdbcType=VARCHAR}, #{VERSION,jdbcType=INTEGER}, 
      #{IS_ADMIN,jdbcType=VARCHAR}, #{IS_PROGRAMMER,jdbcType=VARCHAR}, #{LOGIN_COOKIE,jdbcType=VARCHAR}, 
      #{CM_PRINICPAL_ID,jdbcType=VARCHAR})
  </insert>
  <insert id="insertSelective" parameterType="com.rstech.wordwatch.dao.RSStaff" >
    <!--
      WARNING - @mbggenerated
      This element is automatically generated by MyBatis Generator, do not modify.
      This element was generated on Mon Nov 05 19:59:23 EST 2012.
    -->
    <selectKey resultType="java.lang.Long" keyProperty="ID" order="AFTER" >
      SELECT LAST_INSERT_ID()
    </selectKey>
    insert into RS_STAFF
    <trim prefix="(" suffix=")" suffixOverrides="," >
      <if test="LOGIN != null" >
        LOGIN,
      </if>
      <if test="FIRST_NAME != null" >
        FIRST_NAME,
      </if>
      <if test="LAST_NAME != null" >
        LAST_NAME,
      </if>
      <if test="PASSWORD != null" >
        PASSWORD,
      </if>
      <if test="EMAIL != null" >
        EMAIL,
      </if>
      <if test="IS_DELETED != null" >
        IS_DELETED,
      </if>
      <if test="PHONE1 != null" >
        PHONE1,
      </if>
      <if test="PHONE2 != null" >
        PHONE2,
      </if>
      <if test="ADDRESS1 != null" >
        ADDRESS1,
      </if>
      <if test="ADDRESS2 != null" >
        ADDRESS2,
      </if>
      <if test="CITY != null" >
        CITY,
      </if>
      <if test="STATE != null" >
        STATE,
      </if>
      <if test="ZIP != null" >
        ZIP,
      </if>
      <if test="COUNTRY != null" >
        COUNTRY,
      </if>
      <if test="VERSION != null" >
        VERSION,
      </if>
      <if test="IS_ADMIN != null" >
        IS_ADMIN,
      </if>
      <if test="IS_PROGRAMMER != null" >
        IS_PROGRAMMER,
      </if>
      <if test="LOGIN_COOKIE != null" >
        LOGIN_COOKIE,
      </if>
      <if test="CM_PRINICPAL_ID != null" >
        CM_PRINICPAL_ID,
      </if>
    </trim>
    <trim prefix="values (" suffix=")" suffixOverrides="," >
      <if test="LOGIN != null" >
        #{LOGIN,jdbcType=VARCHAR},
      </if>
      <if test="FIRST_NAME != null" >
        #{FIRST_NAME,jdbcType=VARCHAR},
      </if>
      <if test="LAST_NAME != null" >
        #{LAST_NAME,jdbcType=VARCHAR},
      </if>
      <if test="PASSWORD != null" >
        #{PASSWORD,jdbcType=VARCHAR},
      </if>
      <if test="EMAIL != null" >
        #{EMAIL,jdbcType=VARCHAR},
      </if>
      <if test="IS_DELETED != null" >
        #{IS_DELETED,jdbcType=VARCHAR},
      </if>
      <if test="PHONE1 != null" >
        #{PHONE1,jdbcType=VARCHAR},
      </if>
      <if test="PHONE2 != null" >
        #{PHONE2,jdbcType=VARCHAR},
      </if>
      <if test="ADDRESS1 != null" >
        #{ADDRESS1,jdbcType=VARCHAR},
      </if>
      <if test="ADDRESS2 != null" >
        #{ADDRESS2,jdbcType=VARCHAR},
      </if>
      <if test="CITY != null" >
        #{CITY,jdbcType=VARCHAR},
      </if>
      <if test="STATE != null" >
        #{STATE,jdbcType=VARCHAR},
      </if>
      <if test="ZIP != null" >
        #{ZIP,jdbcType=VARCHAR},
      </if>
      <if test="COUNTRY != null" >
        #{COUNTRY,jdbcType=VARCHAR},
      </if>
      <if test="VERSION != null" >
        #{VERSION,jdbcType=INTEGER},
      </if>
      <if test="IS_ADMIN != null" >
        #{IS_ADMIN,jdbcType=VARCHAR},
      </if>
      <if test="IS_PROGRAMMER != null" >
        #{IS_PROGRAMMER,jdbcType=VARCHAR},
      </if>
      <if test="LOGIN_COOKIE != null" >
        #{LOGIN_COOKIE,jdbcType=VARCHAR},
      </if>
      <if test="CM_PRINICPAL_ID != null" >
        #{CM_PRINICPAL_ID,jdbcType=VARCHAR},
      </if>
    </trim>
  </insert>
  <select id="countByExample" parameterType="com.rstech.wordwatch.dao.RSStaffExample" resultType="java.lang.Integer" >
    <!--
      WARNING - @mbggenerated
      This element is automatically generated by MyBatis Generator, do not modify.
      This element was generated on Mon Nov 05 19:59:23 EST 2012.
    -->
    select count(*) from RS_STAFF
    <if test="_parameter != null" >
      <include refid="Example_Where_Clause" />
    </if>
  </select>
  <update id="updateByExampleSelective" parameterType="map" >
    <!--
      WARNING - @mbggenerated
      This element is automatically generated by MyBatis Generator, do not modify.
      This element was generated on Mon Nov 05 19:59:23 EST 2012.
    -->
    update RS_STAFF
    <set >
      <if test="record.ID != null" >
        ID = #{record.ID,jdbcType=BIGINT},
      </if>
      <if test="record.LOGIN != null" >
        LOGIN = #{record.LOGIN,jdbcType=VARCHAR},
      </if>
      <if test="record.FIRST_NAME != null" >
        FIRST_NAME = #{record.FIRST_NAME,jdbcType=VARCHAR},
      </if>
      <if test="record.LAST_NAME != null" >
        LAST_NAME = #{record.LAST_NAME,jdbcType=VARCHAR},
      </if>
      <if test="record.PASSWORD != null" >
        PASSWORD = #{record.PASSWORD,jdbcType=VARCHAR},
      </if>
      <if test="record.EMAIL != null" >
        EMAIL = #{record.EMAIL,jdbcType=VARCHAR},
      </if>
      <if test="record.IS_DELETED != null" >
        IS_DELETED = #{record.IS_DELETED,jdbcType=VARCHAR},
      </if>
      <if test="record.PHONE1 != null" >
        PHONE1 = #{record.PHONE1,jdbcType=VARCHAR},
      </if>
      <if test="record.PHONE2 != null" >
        PHONE2 = #{record.PHONE2,jdbcType=VARCHAR},
      </if>
      <if test="record.ADDRESS1 != null" >
        ADDRESS1 = #{record.ADDRESS1,jdbcType=VARCHAR},
      </if>
      <if test="record.ADDRESS2 != null" >
        ADDRESS2 = #{record.ADDRESS2,jdbcType=VARCHAR},
      </if>
      <if test="record.CITY != null" >
        CITY = #{record.CITY,jdbcType=VARCHAR},
      </if>
      <if test="record.STATE != null" >
        STATE = #{record.STATE,jdbcType=VARCHAR},
      </if>
      <if test="record.ZIP != null" >
        ZIP = #{record.ZIP,jdbcType=VARCHAR},
      </if>
      <if test="record.COUNTRY != null" >
        COUNTRY = #{record.COUNTRY,jdbcType=VARCHAR},
      </if>
      <if test="record.VERSION != null" >
        VERSION = #{record.VERSION,jdbcType=INTEGER},
      </if>
      <if test="record.IS_ADMIN != null" >
        IS_ADMIN = #{record.IS_ADMIN,jdbcType=VARCHAR},
      </if>
      <if test="record.IS_PROGRAMMER != null" >
        IS_PROGRAMMER = #{record.IS_PROGRAMMER,jdbcType=VARCHAR},
      </if>
      <if test="record.LOGIN_COOKIE != null" >
        LOGIN_COOKIE = #{record.LOGIN_COOKIE,jdbcType=VARCHAR},
      </if>
      <if test="record.CM_PRINICPAL_ID != null" >
        CM_PRINICPAL_ID = #{record.CM_PRINICPAL_ID,jdbcType=VARCHAR},
      </if>
    </set>
    <if test="_parameter != null" >
      <include refid="Update_By_Example_Where_Clause" />
    </if>
  </update>
  <update id="updateByExample" parameterType="map" >
    <!--
      WARNING - @mbggenerated
      This element is automatically generated by MyBatis Generator, do not modify.
      This element was generated on Mon Nov 05 19:59:23 EST 2012.
    -->
    update RS_STAFF
    set ID = #{record.ID,jdbcType=BIGINT},
      LOGIN = #{record.LOGIN,jdbcType=VARCHAR},
      FIRST_NAME = #{record.FIRST_NAME,jdbcType=VARCHAR},
      LAST_NAME = #{record.LAST_NAME,jdbcType=VARCHAR},
      PASSWORD = #{record.PASSWORD,jdbcType=VARCHAR},
      EMAIL = #{record.EMAIL,jdbcType=VARCHAR},
      IS_DELETED = #{record.IS_DELETED,jdbcType=VARCHAR},
      PHONE1 = #{record.PHONE1,jdbcType=VARCHAR},
      PHONE2 = #{record.PHONE2,jdbcType=VARCHAR},
      ADDRESS1 = #{record.ADDRESS1,jdbcType=VARCHAR},
      ADDRESS2 = #{record.ADDRESS2,jdbcType=VARCHAR},
      CITY = #{record.CITY,jdbcType=VARCHAR},
      STATE = #{record.STATE,jdbcType=VARCHAR},
      ZIP = #{record.ZIP,jdbcType=VARCHAR},
      COUNTRY = #{record.COUNTRY,jdbcType=VARCHAR},
      VERSION = #{record.VERSION,jdbcType=INTEGER},
      IS_ADMIN = #{record.IS_ADMIN,jdbcType=VARCHAR},
      IS_PROGRAMMER = #{record.IS_PROGRAMMER,jdbcType=VARCHAR},
      LOGIN_COOKIE = #{record.LOGIN_COOKIE,jdbcType=VARCHAR},
      CM_PRINICPAL_ID = #{record.CM_PRINICPAL_ID,jdbcType=VARCHAR}
    <if test="_parameter != null" >
      <include refid="Update_By_Example_Where_Clause" />
    </if>
  </update>
  <update id="updateByPrimaryKeySelective" parameterType="com.rstech.wordwatch.dao.RSStaff" >
    <!--
      WARNING - @mbggenerated
      This element is automatically generated by MyBatis Generator, do not modify.
      This element was generated on Mon Nov 05 19:59:23 EST 2012.
    -->
    update RS_STAFF
    <set >
      <if test="LOGIN != null" >
        LOGIN = #{LOGIN,jdbcType=VARCHAR},
      </if>
      <if test="FIRST_NAME != null" >
        FIRST_NAME = #{FIRST_NAME,jdbcType=VARCHAR},
      </if>
      <if test="LAST_NAME != null" >
        LAST_NAME = #{LAST_NAME,jdbcType=VARCHAR},
      </if>
      <if test="PASSWORD != null" >
        PASSWORD = #{PASSWORD,jdbcType=VARCHAR},
      </if>
      <if test="EMAIL != null" >
        EMAIL = #{EMAIL,jdbcType=VARCHAR},
      </if>
      <if test="IS_DELETED != null" >
        IS_DELETED = #{IS_DELETED,jdbcType=VARCHAR},
      </if>
      <if test="PHONE1 != null" >
        PHONE1 = #{PHONE1,jdbcType=VARCHAR},
      </if>
      <if test="PHONE2 != null" >
        PHONE2 = #{PHONE2,jdbcType=VARCHAR},
      </if>
      <if test="ADDRESS1 != null" >
        ADDRESS1 = #{ADDRESS1,jdbcType=VARCHAR},
      </if>
      <if test="ADDRESS2 != null" >
        ADDRESS2 = #{ADDRESS2,jdbcType=VARCHAR},
      </if>
      <if test="CITY != null" >
        CITY = #{CITY,jdbcType=VARCHAR},
      </if>
      <if test="STATE != null" >
        STATE = #{STATE,jdbcType=VARCHAR},
      </if>
      <if test="ZIP != null" >
        ZIP = #{ZIP,jdbcType=VARCHAR},
      </if>
      <if test="COUNTRY != null" >
        COUNTRY = #{COUNTRY,jdbcType=VARCHAR},
      </if>
      <if test="VERSION != null" >
        VERSION = #{VERSION,jdbcType=INTEGER},
      </if>
      <if test="IS_ADMIN != null" >
        IS_ADMIN = #{IS_ADMIN,jdbcType=VARCHAR},
      </if>
      <if test="IS_PROGRAMMER != null" >
        IS_PROGRAMMER = #{IS_PROGRAMMER,jdbcType=VARCHAR},
      </if>
      <if test="LOGIN_COOKIE != null" >
        LOGIN_COOKIE = #{LOGIN_COOKIE,jdbcType=VARCHAR},
      </if>
      <if test="CM_PRINICPAL_ID != null" >
        CM_PRINICPAL_ID = #{CM_PRINICPAL_ID,jdbcType=VARCHAR},
      </if>
    </set>
    where ID = #{ID,jdbcType=BIGINT}
  </update>
  <update id="updateByPrimaryKey" parameterType="com.rstech.wordwatch.dao.RSStaff" >
    <!--
      WARNING - @mbggenerated
      This element is automatically generated by MyBatis Generator, do not modify.
      This element was generated on Mon Nov 05 19:59:23 EST 2012.
    -->
    update RS_STAFF
    set LOGIN = #{LOGIN,jdbcType=VARCHAR},
      FIRST_NAME = #{FIRST_NAME,jdbcType=VARCHAR},
      LAST_NAME = #{LAST_NAME,jdbcType=VARCHAR},
      PASSWORD = #{PASSWORD,jdbcType=VARCHAR},
      EMAIL = #{EMAIL,jdbcType=VARCHAR},
      IS_DELETED = #{IS_DELETED,jdbcType=VARCHAR},
      PHONE1 = #{PHONE1,jdbcType=VARCHAR},
      PHONE2 = #{PHONE2,jdbcType=VARCHAR},
      ADDRESS1 = #{ADDRESS1,jdbcType=VARCHAR},
      ADDRESS2 = #{ADDRESS2,jdbcType=VARCHAR},
      CITY = #{CITY,jdbcType=VARCHAR},
      STATE = #{STATE,jdbcType=VARCHAR},
      ZIP = #{ZIP,jdbcType=VARCHAR},
      COUNTRY = #{COUNTRY,jdbcType=VARCHAR},
      VERSION = #{VERSION,jdbcType=INTEGER},
      IS_ADMIN = #{IS_ADMIN,jdbcType=VARCHAR},
      IS_PROGRAMMER = #{IS_PROGRAMMER,jdbcType=VARCHAR},
      LOGIN_COOKIE = #{LOGIN_COOKIE,jdbcType=VARCHAR},
      CM_PRINICPAL_ID = #{CM_PRINICPAL_ID,jdbcType=VARCHAR}
    where ID = #{ID,jdbcType=BIGINT}
  </update>
</mapper>