<?xml version="1.0" encoding="UTF-8"?>
<!DOCTYPE mapper PUBLIC "-//mybatis.org//DTD Mapper 3.0//EN" "http://mybatis.org/dtd/mybatis-3-mapper.dtd">
<mapper namespace="com.rstech.wordwatch.dao.mapper.RSUserLimitMapper">
  <resultMap id="BaseResultMap" type="com.rstech.wordwatch.dao.RSUserLimit">
    <!--
      WARNING - @mbggenerated
      This element is automatically generated by MyBatis Generator, do not modify.
      This element was generated on Wed Oct 21 20:19:24 EDT 2015.
    -->
    <id column="ID" jdbcType="BIGINT" property="ID" />
    <result column="RS_USER" jdbcType="BIGINT" property="RS_USER" />
    <result column="SEARCH_TP_NO" jdbcType="INTEGER" property="SEARCH_TP_NO" />
    <result column="LAST_MODIFIED_TS" jdbcType="TIMESTAMP" property="LAST_MODIFIED_TS" />
  </resultMap>
  <sql id="Example_Where_Clause">
    <!--
      WARNING - @mbggenerated
      This element is automatically generated by MyBatis Generator, do not modify.
      This element was generated on Wed Oct 21 20:19:24 EDT 2015.
    -->
    <where>
      <foreach collection="oredCriteria" item="criteria" separator="or">
        <if test="criteria.valid">
          <trim prefix="(" prefixOverrides="and" suffix=")">
            <foreach collection="criteria.criteria" item="criterion">
              <choose>
                <when test="criterion.noValue">
                  and ${criterion.condition}
                </when>
                <when test="criterion.singleValue">
                  and ${criterion.condition} #{criterion.value}
                </when>
                <when test="criterion.betweenValue">
                  and ${criterion.condition} #{criterion.value} and #{criterion.secondValue}
                </when>
                <when test="criterion.listValue">
                  and ${criterion.condition}
                  <foreach close=")" collection="criterion.value" item="listItem" open="(" separator=",">
                    #{listItem}
                  </foreach>
                </when>
              </choose>
            </foreach>
          </trim>
        </if>
      </foreach>
    </where>
  </sql>
  <sql id="Update_By_Example_Where_Clause">
    <!--
      WARNING - @mbggenerated
      This element is automatically generated by MyBatis Generator, do not modify.
      This element was generated on Wed Oct 21 20:19:24 EDT 2015.
    -->
    <where>
      <foreach collection="example.oredCriteria" item="criteria" separator="or">
        <if test="criteria.valid">
          <trim prefix="(" prefixOverrides="and" suffix=")">
            <foreach collection="criteria.criteria" item="criterion">
              <choose>
                <when test="criterion.noValue">
                  and ${criterion.condition}
                </when>
                <when test="criterion.singleValue">
                  and ${criterion.condition} #{criterion.value}
                </when>
                <when test="criterion.betweenValue">
                  and ${criterion.condition} #{criterion.value} and #{criterion.secondValue}
                </when>
                <when test="criterion.listValue">
                  and ${criterion.condition}
                  <foreach close=")" collection="criterion.value" item="listItem" open="(" separator=",">
                    #{listItem}
                  </foreach>
                </when>
              </choose>
            </foreach>
          </trim>
        </if>
      </foreach>
    </where>
  </sql>
  <sql id="Base_Column_List">
    <!--
      WARNING - @mbggenerated
      This element is automatically generated by MyBatis Generator, do not modify.
      This element was generated on Wed Oct 21 20:19:24 EDT 2015.
    -->
    ID, RS_USER, SEARCH_TP_NO, LAST_MODIFIED_TS
  </sql>
  <select id="selectByExample" parameterType="com.rstech.wordwatch.dao.RSUserLimitExample" resultMap="BaseResultMap">
    <!--
      WARNING - @mbggenerated
      This element is automatically generated by MyBatis Generator, do not modify.
      This element was generated on Wed Oct 21 20:19:24 EDT 2015.
    -->
    select
    <if test="distinct">
      distinct
    </if>
    <include refid="Base_Column_List" />
    from rs_user_lmt
    <if test="_parameter != null">
      <include refid="Example_Where_Clause" />
    </if>
    <if test="orderByClause != null">
      order by ${orderByClause}
    </if>
  </select>
  <select id="selectByPrimaryKey" parameterType="java.lang.Long" resultMap="BaseResultMap">
    <!--
      WARNING - @mbggenerated
      This element is automatically generated by MyBatis Generator, do not modify.
      This element was generated on Wed Oct 21 20:19:24 EDT 2015.
    -->
    select 
    <include refid="Base_Column_List" />
    from rs_user_lmt
    where ID = #{ID,jdbcType=BIGINT}
  </select>
  <delete id="deleteByPrimaryKey" parameterType="java.lang.Long">
    <!--
      WARNING - @mbggenerated
      This element is automatically generated by MyBatis Generator, do not modify.
      This element was generated on Wed Oct 21 20:19:24 EDT 2015.
    -->
    delete from rs_user_lmt
    where ID = #{ID,jdbcType=BIGINT}
  </delete>
  <delete id="deleteByExample" parameterType="com.rstech.wordwatch.dao.RSUserLimitExample">
    <!--
      WARNING - @mbggenerated
      This element is automatically generated by MyBatis Generator, do not modify.
      This element was generated on Wed Oct 21 20:19:24 EDT 2015.
    -->
    delete from rs_user_lmt
    <if test="_parameter != null">
      <include refid="Example_Where_Clause" />
    </if>
  </delete>
  <insert id="insert" parameterType="com.rstech.wordwatch.dao.RSUserLimit">
    <!--
      WARNING - @mbggenerated
      This element is automatically generated by MyBatis Generator, do not modify.
      This element was generated on Wed Oct 21 20:19:24 EDT 2015.
    -->
    <selectKey keyProperty="ID" order="AFTER" resultType="java.lang.Long">
      SELECT LAST_INSERT_ID()
    </selectKey>
    insert into rs_user_lmt (ID, RS_USER, SEARCH_TP_NO, LAST_MODIFIED_TS
      )
    values (#{ID,jdbcType=BIGINT}, #{RS_USER,jdbcType=BIGINT}, #{SEARCH_TP_NO,jdbcType=INTEGER}, #{LAST_MODIFIED_TS,jdbcType=TIMESTAMP}
      )
  </insert>
  <insert id="insertSelective" parameterType="com.rstech.wordwatch.dao.RSUserLimit">
    <!--
      WARNING - @mbggenerated
      This element is automatically generated by MyBatis Generator, do not modify.
      This element was generated on Wed Oct 21 20:19:24 EDT 2015.
    -->
    <selectKey keyProperty="ID" order="AFTER" resultType="java.lang.Long">
      SELECT LAST_INSERT_ID()
    </selectKey>
    insert into rs_user_lmt
    <trim prefix="(" suffix=")" suffixOverrides=",">
      <if test="RS_USER != null">
        RS_USER,
      </if>
      <if test="SEARCH_TP_NO != null">
        SEARCH_TP_NO,
      </if>
      <if test="LAST_MODIFIED_TS != null">
        LAST_MODIFIED_TS,
      </if>
    </trim>
    <trim prefix="values (" suffix=")" suffixOverrides=",">
      <if test="RS_USER != null">
        #{RS_USER,jdbcType=BIGINT},
      </if>
      <if test="SEARCH_TP_NO != null">
        #{SEARCH_TP_NO,jdbcType=INTEGER},
      </if>
      <if test="LAST_MODIFIED_TS != null">
        #{LAST_MODIFIED_TS,jdbcType=TIMESTAMP},
      </if>
    </trim>
  </insert>
  <select id="countByExample" parameterType="com.rstech.wordwatch.dao.RSUserLimitExample" resultType="java.lang.Integer">
    <!--
      WARNING - @mbggenerated
      This element is automatically generated by MyBatis Generator, do not modify.
      This element was generated on Wed Oct 21 20:19:24 EDT 2015.
    -->
    select count(*) from rs_user_lmt
    <if test="_parameter != null">
      <include refid="Example_Where_Clause" />
    </if>
  </select>
  <update id="updateByExampleSelective" parameterType="map">
    <!--
      WARNING - @mbggenerated
      This element is automatically generated by MyBatis Generator, do not modify.
      This element was generated on Wed Oct 21 20:19:24 EDT 2015.
    -->
    update rs_user_lmt
    <set>
      <if test="record.ID != null">
        ID = #{record.ID,jdbcType=BIGINT},
      </if>
      <if test="record.RS_USER != null">
        RS_USER = #{record.RS_USER,jdbcType=BIGINT},
      </if>
      <if test="record.SEARCH_TP_NO != null">
        SEARCH_TP_NO = #{record.SEARCH_TP_NO,jdbcType=INTEGER},
      </if>
      <if test="record.LAST_MODIFIED_TS != null">
        LAST_MODIFIED_TS = #{record.LAST_MODIFIED_TS,jdbcType=TIMESTAMP},
      </if>
    </set>
    <if test="_parameter != null">
      <include refid="Update_By_Example_Where_Clause" />
    </if>
  </update>
  <update id="updateByExample" parameterType="map">
    <!--
      WARNING - @mbggenerated
      This element is automatically generated by MyBatis Generator, do not modify.
      This element was generated on Wed Oct 21 20:19:24 EDT 2015.
    -->
    update rs_user_lmt
    set ID = #{record.ID,jdbcType=BIGINT},
      RS_USER = #{record.RS_USER,jdbcType=BIGINT},
      SEARCH_TP_NO = #{record.SEARCH_TP_NO,jdbcType=INTEGER},
      LAST_MODIFIED_TS = #{record.LAST_MODIFIED_TS,jdbcType=TIMESTAMP}
    <if test="_parameter != null">
      <include refid="Update_By_Example_Where_Clause" />
    </if>
  </update>
  <update id="updateByPrimaryKeySelective" parameterType="com.rstech.wordwatch.dao.RSUserLimit">
    <!--
      WARNING - @mbggenerated
      This element is automatically generated by MyBatis Generator, do not modify.
      This element was generated on Wed Oct 21 20:19:24 EDT 2015.
    -->
    update rs_user_lmt
    <set>
      <if test="RS_USER != null">
        RS_USER = #{RS_USER,jdbcType=BIGINT},
      </if>
      <if test="SEARCH_TP_NO != null">
        SEARCH_TP_NO = #{SEARCH_TP_NO,jdbcType=INTEGER},
      </if>
      <if test="LAST_MODIFIED_TS != null">
        LAST_MODIFIED_TS = #{LAST_MODIFIED_TS,jdbcType=TIMESTAMP},
      </if>
    </set>
    where ID = #{ID,jdbcType=BIGINT}
  </update>
  <update id="updateByPrimaryKey" parameterType="com.rstech.wordwatch.dao.RSUserLimit">
    <!--
      WARNING - @mbggenerated
      This element is automatically generated by MyBatis Generator, do not modify.
      This element was generated on Wed Oct 21 20:19:24 EDT 2015.
    -->
    update rs_user_lmt
    set RS_USER = #{RS_USER,jdbcType=BIGINT},
      SEARCH_TP_NO = #{SEARCH_TP_NO,jdbcType=INTEGER},
      LAST_MODIFIED_TS = #{LAST_MODIFIED_TS,jdbcType=TIMESTAMP}
    where ID = #{ID,jdbcType=BIGINT}
  </update>
</mapper>