<?xml version="1.0" encoding="UTF-8"?>
<!DOCTYPE mapper PUBLIC "-//mybatis.org//DTD Mapper 3.0//EN" "http://mybatis.org/dtd/mybatis-3-mapper.dtd">
<mapper namespace="com.rstech.wordwatch.dao.mapper.RSUserMapper">
  <resultMap id="BaseResultMap" type="com.rstech.wordwatch.dao.RSUser">
    <!--
      WARNING - @mbggenerated
      This element is automatically generated by MyBatis Generator, do not modify.
      This element was generated on Wed Oct 21 20:19:24 EDT 2015.
    -->
    <id column="ID" jdbcType="BIGINT" property="ID" />
    <result column="RS_CLIENT" jdbcType="BIGINT" property="RS_CLIENT" />
    <result column="LOGIN" jdbcType="VARCHAR" property="LOGIN" />
    <result column="FIRST_NAME" jdbcType="VARCHAR" property="FIRST_NAME" />
    <result column="LAST_NAME" jdbcType="VARCHAR" property="LAST_NAME" />
    <result column="PASSWORD" jdbcType="VARCHAR" property="PASSWORD" />
    <result column="EMAIL" jdbcType="VARCHAR" property="EMAIL" />
    <result column="IS_DELETED" jdbcType="VARCHAR" property="IS_DELETED" />
    <result column="PHONE1" jdbcType="VARCHAR" property="PHONE1" />
    <result column="PHONE2" jdbcType="VARCHAR" property="PHONE2" />
    <result column="ADDRESS1" jdbcType="VARCHAR" property="ADDRESS1" />
    <result column="ADDRESS2" jdbcType="VARCHAR" property="ADDRESS2" />
    <result column="CITY" jdbcType="VARCHAR" property="CITY" />
    <result column="STATE" jdbcType="VARCHAR" property="STATE" />
    <result column="ZIP" jdbcType="VARCHAR" property="ZIP" />
    <result column="COUNTRY" jdbcType="VARCHAR" property="COUNTRY" />
    <result column="VERSION" jdbcType="INTEGER" property="VERSION" />
    <result column="FAX" jdbcType="VARCHAR" property="FAX" />
    <result column="TITLE" jdbcType="VARCHAR" property="TITLE" />
    <result column="IS_LOCKED" jdbcType="VARCHAR" property="IS_LOCKED" />
    <result column="FAILED_LOGIN_ATTEMPTS" jdbcType="SMALLINT" property="FAILED_LOGIN_ATTEMPTS" />
    <result column="USER_TP_NO" jdbcType="INTEGER" property="USER_TP_NO" />
    <result column="PRNT_ID" jdbcType="BIGINT" property="PRNT_ID" />
    <result column="SORT_ORDER_NO" jdbcType="INTEGER" property="SORT_ORDER_NO" />
    <result column="LAST_MODIFIED_TS" jdbcType="TIMESTAMP" property="LAST_MODIFIED_TS" />
    <result column="MODIFIED_BY_ID" jdbcType="BIGINT" property="MODIFIED_BY_ID" />
  </resultMap>
  <sql id="Example_Where_Clause">
    <!--
      WARNING - @mbggenerated
      This element is automatically generated by MyBatis Generator, do not modify.
      This element was generated on Wed Oct 21 20:19:24 EDT 2015.
    -->
    <where>
      <foreach collection="oredCriteria" item="criteria" separator="or">
        <if test="criteria.valid">
          <trim prefix="(" prefixOverrides="and" suffix=")">
            <foreach collection="criteria.criteria" item="criterion">
              <choose>
                <when test="criterion.noValue">
                  and ${criterion.condition}
                </when>
                <when test="criterion.singleValue">
                  and ${criterion.condition} #{criterion.value}
                </when>
                <when test="criterion.betweenValue">
                  and ${criterion.condition} #{criterion.value} and #{criterion.secondValue}
                </when>
                <when test="criterion.listValue">
                  and ${criterion.condition}
                  <foreach close=")" collection="criterion.value" item="listItem" open="(" separator=",">
                    #{listItem}
                  </foreach>
                </when>
              </choose>
            </foreach>
          </trim>
        </if>
      </foreach>
    </where>
  </sql>
  <sql id="Update_By_Example_Where_Clause">
    <!--
      WARNING - @mbggenerated
      This element is automatically generated by MyBatis Generator, do not modify.
      This element was generated on Wed Oct 21 20:19:24 EDT 2015.
    -->
    <where>
      <foreach collection="example.oredCriteria" item="criteria" separator="or">
        <if test="criteria.valid">
          <trim prefix="(" prefixOverrides="and" suffix=")">
            <foreach collection="criteria.criteria" item="criterion">
              <choose>
                <when test="criterion.noValue">
                  and ${criterion.condition}
                </when>
                <when test="criterion.singleValue">
                  and ${criterion.condition} #{criterion.value}
                </when>
                <when test="criterion.betweenValue">
                  and ${criterion.condition} #{criterion.value} and #{criterion.secondValue}
                </when>
                <when test="criterion.listValue">
                  and ${criterion.condition}
                  <foreach close=")" collection="criterion.value" item="listItem" open="(" separator=",">
                    #{listItem}
                  </foreach>
                </when>
              </choose>
            </foreach>
          </trim>
        </if>
      </foreach>
    </where>
  </sql>
  <sql id="Base_Column_List">
    <!--
      WARNING - @mbggenerated
      This element is automatically generated by MyBatis Generator, do not modify.
      This element was generated on Wed Oct 21 20:19:24 EDT 2015.
    -->
    ID, RS_CLIENT, LOGIN, FIRST_NAME, LAST_NAME, PASSWORD, EMAIL, IS_DELETED, PHONE1, 
    PHONE2, ADDRESS1, ADDRESS2, CITY, STATE, ZIP, COUNTRY, VERSION, FAX, TITLE, IS_LOCKED, 
    FAILED_LOGIN_ATTEMPTS, USER_TP_NO, PRNT_ID, SORT_ORDER_NO, LAST_MODIFIED_TS, MODIFIED_BY_ID
  </sql>
  <select id="selectByExample" parameterType="com.rstech.wordwatch.dao.RSUserExample" resultMap="BaseResultMap">
    <!--
      WARNING - @mbggenerated
      This element is automatically generated by MyBatis Generator, do not modify.
      This element was generated on Wed Oct 21 20:19:24 EDT 2015.
    -->
    select
    <if test="distinct">
      distinct
    </if>
    <include refid="Base_Column_List" />
    from rs_user
    <if test="_parameter != null">
      <include refid="Example_Where_Clause" />
    </if>
    <if test="orderByClause != null">
      order by ${orderByClause}
    </if>
  </select>
  <select id="selectByPrimaryKey" parameterType="java.lang.Long" resultMap="BaseResultMap">
    <!--
      WARNING - @mbggenerated
      This element is automatically generated by MyBatis Generator, do not modify.
      This element was generated on Wed Oct 21 20:19:24 EDT 2015.
    -->
    select 
    <include refid="Base_Column_List" />
    from rs_user
    where ID = #{ID,jdbcType=BIGINT}
  </select>
  <delete id="deleteByPrimaryKey" parameterType="java.lang.Long">
    <!--
      WARNING - @mbggenerated
      This element is automatically generated by MyBatis Generator, do not modify.
      This element was generated on Wed Oct 21 20:19:24 EDT 2015.
    -->
    delete from rs_user
    where ID = #{ID,jdbcType=BIGINT}
  </delete>
  <delete id="deleteByExample" parameterType="com.rstech.wordwatch.dao.RSUserExample">
    <!--
      WARNING - @mbggenerated
      This element is automatically generated by MyBatis Generator, do not modify.
      This element was generated on Wed Oct 21 20:19:24 EDT 2015.
    -->
    delete from rs_user
    <if test="_parameter != null">
      <include refid="Example_Where_Clause" />
    </if>
  </delete>
  <insert id="insert" parameterType="com.rstech.wordwatch.dao.RSUser">
    <!--
      WARNING - @mbggenerated
      This element is automatically generated by MyBatis Generator, do not modify.
      This element was generated on Wed Oct 21 20:19:24 EDT 2015.
    -->
    <selectKey keyProperty="ID" order="AFTER" resultType="java.lang.Long">
      SELECT LAST_INSERT_ID()
    </selectKey>
    insert into rs_user (RS_CLIENT, LOGIN, FIRST_NAME, 
      LAST_NAME, PASSWORD, EMAIL, 
      IS_DELETED, PHONE1, PHONE2, 
      ADDRESS1, ADDRESS2, CITY, 
      STATE, ZIP, COUNTRY, ID,
      VERSION, FAX, TITLE, 
      IS_LOCKED, FAILED_LOGIN_ATTEMPTS, USER_TP_NO, 
      PRNT_ID, SORT_ORDER_NO, LAST_MODIFIED_TS, 
      MODIFIED_BY_ID)
    values (#{RS_CLIENT,jdbcType=BIGINT}, #{LOGIN,jdbcType=VARCHAR}, #{FIRST_NAME,jdbcType=VARCHAR}, 
      #{LAST_NAME,jdbcType=VARCHAR}, #{PASSWORD,jdbcType=VARCHAR}, #{EMAIL,jdbcType=VARCHAR}, 
      #{IS_DELETED,jdbcType=VARCHAR}, #{PHONE1,jdbcType=VARCHAR}, #{PHONE2,jdbcType=VARCHAR}, 
      #{ADDRESS1,jdbcType=VARCHAR}, #{ADDRESS2,jdbcType=VARCHAR}, #{CITY,jdbcType=VARCHAR}, 
      #{STATE,jdbcType=VARCHAR}, #{ZIP,jdbcType=VARCHAR}, #{COUNTRY,jdbcType=VARCHAR}, #{ID,jdbcType=BIGINT},
      #{VERSION,jdbcType=INTEGER}, #{FAX,jdbcType=VARCHAR}, #{TITLE,jdbcType=VARCHAR}, 
      #{IS_LOCKED,jdbcType=VARCHAR}, #{FAILED_LOGIN_ATTEMPTS,jdbcType=SMALLINT}, #{USER_TP_NO,jdbcType=INTEGER}, 
      #{PRNT_ID,jdbcType=BIGINT}, #{SORT_ORDER_NO,jdbcType=INTEGER}, #{LAST_MODIFIED_TS,jdbcType=TIMESTAMP}, 
      #{MODIFIED_BY_ID,jdbcType=BIGINT})
  </insert>
  <insert id="insertSelective" parameterType="com.rstech.wordwatch.dao.RSUser">
    <!--
      WARNING - @mbggenerated
      This element is automatically generated by MyBatis Generator, do not modify.
      This element was generated on Wed Oct 21 20:19:24 EDT 2015.
    -->
    <selectKey keyProperty="ID" order="AFTER" resultType="java.lang.Long">
      SELECT LAST_INSERT_ID()
    </selectKey>
    insert into rs_user
    <trim prefix="(" suffix=")" suffixOverrides=",">
      <if test="RS_CLIENT != null">
        RS_CLIENT,
      </if>
      <if test="LOGIN != null">
        LOGIN,
      </if>
      <if test="FIRST_NAME != null">
        FIRST_NAME,
      </if>
      <if test="LAST_NAME != null">
        LAST_NAME,
      </if>
      <if test="PASSWORD != null">
        PASSWORD,
      </if>
      <if test="EMAIL != null">
        EMAIL,
      </if>
      <if test="IS_DELETED != null">
        IS_DELETED,
      </if>
      <if test="PHONE1 != null">
        PHONE1,
      </if>
      <if test="PHONE2 != null">
        PHONE2,
      </if>
      <if test="ADDRESS1 != null">
        ADDRESS1,
      </if>
      <if test="ADDRESS2 != null">
        ADDRESS2,
      </if>
      <if test="CITY != null">
        CITY,
      </if>
      <if test="STATE != null">
        STATE,
      </if>
      <if test="ZIP != null">
        ZIP,
      </if>
      <if test="COUNTRY != null">
        COUNTRY,
      </if>
      <if test="VERSION != null">
        VERSION,
      </if>
      <if test="FAX != null">
        FAX,
      </if>
      <if test="TITLE != null">
        TITLE,
      </if>
      <if test="IS_LOCKED != null">
        IS_LOCKED,
      </if>
      <if test="FAILED_LOGIN_ATTEMPTS != null">
        FAILED_LOGIN_ATTEMPTS,
      </if>
      <if test="USER_TP_NO != null">
        USER_TP_NO,
      </if>
      <if test="PRNT_ID != null">
        PRNT_ID,
      </if>
      <if test="SORT_ORDER_NO != null">
        SORT_ORDER_NO,
      </if>
      <if test="LAST_MODIFIED_TS != null">
        LAST_MODIFIED_TS,
      </if>
      <if test="MODIFIED_BY_ID != null">
        MODIFIED_BY_ID,
      </if>
    </trim>
    <trim prefix="values (" suffix=")" suffixOverrides=",">
      <if test="RS_CLIENT != null">
        #{RS_CLIENT,jdbcType=BIGINT},
      </if>
      <if test="LOGIN != null">
        #{LOGIN,jdbcType=VARCHAR},
      </if>
      <if test="FIRST_NAME != null">
        #{FIRST_NAME,jdbcType=VARCHAR},
      </if>
      <if test="LAST_NAME != null">
        #{LAST_NAME,jdbcType=VARCHAR},
      </if>
      <if test="PASSWORD != null">
        #{PASSWORD,jdbcType=VARCHAR},
      </if>
      <if test="EMAIL != null">
        #{EMAIL,jdbcType=VARCHAR},
      </if>
      <if test="IS_DELETED != null">
        #{IS_DELETED,jdbcType=VARCHAR},
      </if>
      <if test="PHONE1 != null">
        #{PHONE1,jdbcType=VARCHAR},
      </if>
      <if test="PHONE2 != null">
        #{PHONE2,jdbcType=VARCHAR},
      </if>
      <if test="ADDRESS1 != null">
        #{ADDRESS1,jdbcType=VARCHAR},
      </if>
      <if test="ADDRESS2 != null">
        #{ADDRESS2,jdbcType=VARCHAR},
      </if>
      <if test="CITY != null">
        #{CITY,jdbcType=VARCHAR},
      </if>
      <if test="STATE != null">
        #{STATE,jdbcType=VARCHAR},
      </if>
      <if test="ZIP != null">
        #{ZIP,jdbcType=VARCHAR},
      </if>
      <if test="COUNTRY != null">
        #{COUNTRY,jdbcType=VARCHAR},
      </if>
      <if test="VERSION != null">
        #{VERSION,jdbcType=INTEGER},
      </if>
      <if test="FAX != null">
        #{FAX,jdbcType=VARCHAR},
      </if>
      <if test="TITLE != null">
        #{TITLE,jdbcType=VARCHAR},
      </if>
      <if test="IS_LOCKED != null">
        #{IS_LOCKED,jdbcType=VARCHAR},
      </if>
      <if test="FAILED_LOGIN_ATTEMPTS != null">
        #{FAILED_LOGIN_ATTEMPTS,jdbcType=SMALLINT},
      </if>
      <if test="USER_TP_NO != null">
        #{USER_TP_NO,jdbcType=INTEGER},
      </if>
      <if test="PRNT_ID != null">
        #{PRNT_ID,jdbcType=BIGINT},
      </if>
      <if test="SORT_ORDER_NO != null">
        #{SORT_ORDER_NO,jdbcType=INTEGER},
      </if>
      <if test="LAST_MODIFIED_TS != null">
        #{LAST_MODIFIED_TS,jdbcType=TIMESTAMP},
      </if>
      <if test="MODIFIED_BY_ID != null">
        #{MODIFIED_BY_ID,jdbcType=BIGINT},
      </if>
    </trim>
  </insert>
  <select id="countByExample" parameterType="com.rstech.wordwatch.dao.RSUserExample" resultType="java.lang.Integer">
    <!--
      WARNING - @mbggenerated
      This element is automatically generated by MyBatis Generator, do not modify.
      This element was generated on Wed Oct 21 20:19:24 EDT 2015.
    -->
    select count(*) from rs_user
    <if test="_parameter != null">
      <include refid="Example_Where_Clause" />
    </if>
  </select>
  <update id="updateByExampleSelective" parameterType="map">
    <!--
      WARNING - @mbggenerated
      This element is automatically generated by MyBatis Generator, do not modify.
      This element was generated on Wed Oct 21 20:19:24 EDT 2015.
    -->
    update rs_user
    <set>
      <if test="record.ID != null">
        ID = #{record.ID,jdbcType=BIGINT},
      </if>
      <if test="record.RS_CLIENT != null">
        RS_CLIENT = #{record.RS_CLIENT,jdbcType=BIGINT},
      </if>
      <if test="record.LOGIN != null">
        LOGIN = #{record.LOGIN,jdbcType=VARCHAR},
      </if>
      <if test="record.FIRST_NAME != null">
        FIRST_NAME = #{record.FIRST_NAME,jdbcType=VARCHAR},
      </if>
      <if test="record.LAST_NAME != null">
        LAST_NAME = #{record.LAST_NAME,jdbcType=VARCHAR},
      </if>
      <if test="record.PASSWORD != null">
        PASSWORD = #{record.PASSWORD,jdbcType=VARCHAR},
      </if>
      <if test="record.EMAIL != null">
        EMAIL = #{record.EMAIL,jdbcType=VARCHAR},
      </if>
      <if test="record.IS_DELETED != null">
        IS_DELETED = #{record.IS_DELETED,jdbcType=VARCHAR},
      </if>
      <if test="record.PHONE1 != null">
        PHONE1 = #{record.PHONE1,jdbcType=VARCHAR},
      </if>
      <if test="record.PHONE2 != null">
        PHONE2 = #{record.PHONE2,jdbcType=VARCHAR},
      </if>
      <if test="record.ADDRESS1 != null">
        ADDRESS1 = #{record.ADDRESS1,jdbcType=VARCHAR},
      </if>
      <if test="record.ADDRESS2 != null">
        ADDRESS2 = #{record.ADDRESS2,jdbcType=VARCHAR},
      </if>
      <if test="record.CITY != null">
        CITY = #{record.CITY,jdbcType=VARCHAR},
      </if>
      <if test="record.STATE != null">
        STATE = #{record.STATE,jdbcType=VARCHAR},
      </if>
      <if test="record.ZIP != null">
        ZIP = #{record.ZIP,jdbcType=VARCHAR},
      </if>
      <if test="record.COUNTRY != null">
        COUNTRY = #{record.COUNTRY,jdbcType=VARCHAR},
      </if>
      <if test="record.VERSION != null">
        VERSION = #{record.VERSION,jdbcType=INTEGER},
      </if>
      <if test="record.FAX != null">
        FAX = #{record.FAX,jdbcType=VARCHAR},
      </if>
      <if test="record.TITLE != null">
        TITLE = #{record.TITLE,jdbcType=VARCHAR},
      </if>
      <if test="record.IS_LOCKED != null">
        IS_LOCKED = #{record.IS_LOCKED,jdbcType=VARCHAR},
      </if>
      <if test="record.FAILED_LOGIN_ATTEMPTS != null">
        FAILED_LOGIN_ATTEMPTS = #{record.FAILED_LOGIN_ATTEMPTS,jdbcType=SMALLINT},
      </if>
      <if test="record.USER_TP_NO != null">
        USER_TP_NO = #{record.USER_TP_NO,jdbcType=INTEGER},
      </if>
      <if test="record.PRNT_ID != null">
        PRNT_ID = #{record.PRNT_ID,jdbcType=BIGINT},
      </if>
      <if test="record.SORT_ORDER_NO != null">
        SORT_ORDER_NO = #{record.SORT_ORDER_NO,jdbcType=INTEGER},
      </if>
      <if test="record.LAST_MODIFIED_TS != null">
        LAST_MODIFIED_TS = #{record.LAST_MODIFIED_TS,jdbcType=TIMESTAMP},
      </if>
      <if test="record.MODIFIED_BY_ID != null">
        MODIFIED_BY_ID = #{record.MODIFIED_BY_ID,jdbcType=BIGINT},
      </if>
    </set>
    <if test="_parameter != null">
      <include refid="Update_By_Example_Where_Clause" />
    </if>
  </update>
  <update id="updateByExample" parameterType="map">
    <!--
      WARNING - @mbggenerated
      This element is automatically generated by MyBatis Generator, do not modify.
      This element was generated on Wed Oct 21 20:19:24 EDT 2015.
    -->
    update rs_user
    set ID = #{record.ID,jdbcType=BIGINT},
      RS_CLIENT = #{record.RS_CLIENT,jdbcType=BIGINT},
      LOGIN = #{record.LOGIN,jdbcType=VARCHAR},
      FIRST_NAME = #{record.FIRST_NAME,jdbcType=VARCHAR},
      LAST_NAME = #{record.LAST_NAME,jdbcType=VARCHAR},
      PASSWORD = #{record.PASSWORD,jdbcType=VARCHAR},
      EMAIL = #{record.EMAIL,jdbcType=VARCHAR},
      IS_DELETED = #{record.IS_DELETED,jdbcType=VARCHAR},
      PHONE1 = #{record.PHONE1,jdbcType=VARCHAR},
      PHONE2 = #{record.PHONE2,jdbcType=VARCHAR},
      ADDRESS1 = #{record.ADDRESS1,jdbcType=VARCHAR},
      ADDRESS2 = #{record.ADDRESS2,jdbcType=VARCHAR},
      CITY = #{record.CITY,jdbcType=VARCHAR},
      STATE = #{record.STATE,jdbcType=VARCHAR},
      ZIP = #{record.ZIP,jdbcType=VARCHAR},
      COUNTRY = #{record.COUNTRY,jdbcType=VARCHAR},
      VERSION = #{record.VERSION,jdbcType=INTEGER},
      FAX = #{record.FAX,jdbcType=VARCHAR},
      TITLE = #{record.TITLE,jdbcType=VARCHAR},
      IS_LOCKED = #{record.IS_LOCKED,jdbcType=VARCHAR},
      FAILED_LOGIN_ATTEMPTS = #{record.FAILED_LOGIN_ATTEMPTS,jdbcType=SMALLINT},
      USER_TP_NO = #{record.USER_TP_NO,jdbcType=INTEGER},
      PRNT_ID = #{record.PRNT_ID,jdbcType=BIGINT},
      SORT_ORDER_NO = #{record.SORT_ORDER_NO,jdbcType=INTEGER},
      LAST_MODIFIED_TS = #{record.LAST_MODIFIED_TS,jdbcType=TIMESTAMP},
      MODIFIED_BY_ID = #{record.MODIFIED_BY_ID,jdbcType=BIGINT}
    <if test="_parameter != null">
      <include refid="Update_By_Example_Where_Clause" />
    </if>
  </update>
  <update id="updateByPrimaryKeySelective" parameterType="com.rstech.wordwatch.dao.RSUser">
    <!--
      WARNING - @mbggenerated
      This element is automatically generated by MyBatis Generator, do not modify.
      This element was generated on Wed Oct 21 20:19:24 EDT 2015.
    -->
    update rs_user
    <set>
      <if test="RS_CLIENT != null">
        RS_CLIENT = #{RS_CLIENT,jdbcType=BIGINT},
      </if>
      <if test="LOGIN != null">
        LOGIN = #{LOGIN,jdbcType=VARCHAR},
      </if>
      <if test="FIRST_NAME != null">
        FIRST_NAME = #{FIRST_NAME,jdbcType=VARCHAR},
      </if>
      <if test="LAST_NAME != null">
        LAST_NAME = #{LAST_NAME,jdbcType=VARCHAR},
      </if>
      <if test="PASSWORD != null">
        PASSWORD = #{PASSWORD,jdbcType=VARCHAR},
      </if>
      <if test="EMAIL != null">
        EMAIL = #{EMAIL,jdbcType=VARCHAR},
      </if>
      <if test="IS_DELETED != null">
        IS_DELETED = #{IS_DELETED,jdbcType=VARCHAR},
      </if>
      <if test="PHONE1 != null">
        PHONE1 = #{PHONE1,jdbcType=VARCHAR},
      </if>
      <if test="PHONE2 != null">
        PHONE2 = #{PHONE2,jdbcType=VARCHAR},
      </if>
      <if test="ADDRESS1 != null">
        ADDRESS1 = #{ADDRESS1,jdbcType=VARCHAR},
      </if>
      <if test="ADDRESS2 != null">
        ADDRESS2 = #{ADDRESS2,jdbcType=VARCHAR},
      </if>
      <if test="CITY != null">
        CITY = #{CITY,jdbcType=VARCHAR},
      </if>
      <if test="STATE != null">
        STATE = #{STATE,jdbcType=VARCHAR},
      </if>
      <if test="ZIP != null">
        ZIP = #{ZIP,jdbcType=VARCHAR},
      </if>
      <if test="COUNTRY != null">
        COUNTRY = #{COUNTRY,jdbcType=VARCHAR},
      </if>
      <if test="VERSION != null">
        VERSION = #{VERSION,jdbcType=INTEGER},
      </if>
      <if test="FAX != null">
        FAX = #{FAX,jdbcType=VARCHAR},
      </if>
      <if test="TITLE != null">
        TITLE = #{TITLE,jdbcType=VARCHAR},
      </if>
      <if test="IS_LOCKED != null">
        IS_LOCKED = #{IS_LOCKED,jdbcType=VARCHAR},
      </if>
      <if test="FAILED_LOGIN_ATTEMPTS != null">
        FAILED_LOGIN_ATTEMPTS = #{FAILED_LOGIN_ATTEMPTS,jdbcType=SMALLINT},
      </if>
      <if test="USER_TP_NO != null">
        USER_TP_NO = #{USER_TP_NO,jdbcType=INTEGER},
      </if>
      <if test="PRNT_ID != null">
        PRNT_ID = #{PRNT_ID,jdbcType=BIGINT},
      </if>
      <if test="SORT_ORDER_NO != null">
        SORT_ORDER_NO = #{SORT_ORDER_NO,jdbcType=INTEGER},
      </if>
      <if test="LAST_MODIFIED_TS != null">
        LAST_MODIFIED_TS = #{LAST_MODIFIED_TS,jdbcType=TIMESTAMP},
      </if>
      <if test="MODIFIED_BY_ID != null">
        MODIFIED_BY_ID = #{MODIFIED_BY_ID,jdbcType=BIGINT},
      </if>
    </set>
    where ID = #{ID,jdbcType=BIGINT}
  </update>
  <update id="updateByPrimaryKey" parameterType="com.rstech.wordwatch.dao.RSUser">
    <!--
      WARNING - @mbggenerated
      This element is automatically generated by MyBatis Generator, do not modify.
      This element was generated on Wed Oct 21 20:19:24 EDT 2015.
    -->
    update rs_user
    set RS_CLIENT = #{RS_CLIENT,jdbcType=BIGINT},
      LOGIN = #{LOGIN,jdbcType=VARCHAR},
      FIRST_NAME = #{FIRST_NAME,jdbcType=VARCHAR},
      LAST_NAME = #{LAST_NAME,jdbcType=VARCHAR},
      PASSWORD = #{PASSWORD,jdbcType=VARCHAR},
      EMAIL = #{EMAIL,jdbcType=VARCHAR},
      IS_DELETED = #{IS_DELETED,jdbcType=VARCHAR},
      PHONE1 = #{PHONE1,jdbcType=VARCHAR},
      PHONE2 = #{PHONE2,jdbcType=VARCHAR},
      ADDRESS1 = #{ADDRESS1,jdbcType=VARCHAR},
      ADDRESS2 = #{ADDRESS2,jdbcType=VARCHAR},
      CITY = #{CITY,jdbcType=VARCHAR},
      STATE = #{STATE,jdbcType=VARCHAR},
      ZIP = #{ZIP,jdbcType=VARCHAR},
      COUNTRY = #{COUNTRY,jdbcType=VARCHAR},
      VERSION = #{VERSION,jdbcType=INTEGER},
      FAX = #{FAX,jdbcType=VARCHAR},
      TITLE = #{TITLE,jdbcType=VARCHAR},
      IS_LOCKED = #{IS_LOCKED,jdbcType=VARCHAR},
      FAILED_LOGIN_ATTEMPTS = #{FAILED_LOGIN_ATTEMPTS,jdbcType=SMALLINT},
      USER_TP_NO = #{USER_TP_NO,jdbcType=INTEGER},
      PRNT_ID = #{PRNT_ID,jdbcType=BIGINT},
      SORT_ORDER_NO = #{SORT_ORDER_NO,jdbcType=INTEGER},
      LAST_MODIFIED_TS = #{LAST_MODIFIED_TS,jdbcType=TIMESTAMP},
      MODIFIED_BY_ID = #{MODIFIED_BY_ID,jdbcType=BIGINT}
    where ID = #{ID,jdbcType=BIGINT}
  </update>
</mapper>