<?xml version="1.0" encoding="UTF-8"?>
<!DOCTYPE mapper PUBLIC "-//mybatis.org//DTD Mapper 3.0//EN" "http://mybatis.org/dtd/mybatis-3-mapper.dtd">
<mapper namespace="com.rstech.wordwatch.dao.mapper.ScrLoginsAndLogoutsMapper">
  <resultMap id="BaseResultMap" type="com.rstech.wordwatch.dao.ScrLoginsAndLogouts">
    <!--
      WARNING - @mbggenerated
      This element is automatically generated by MyBatis Generator, do not modify.
      This element was generated on Wed Oct 21 20:19:24 EDT 2015.
    -->
    <id column="ID" jdbcType="BIGINT" property="ID" />
    <result column="VERSION" jdbcType="INTEGER" property="VERSION" />
    <result column="ACTION" jdbcType="VARCHAR" property="ACTION" />
    <result column="AUTHENTICATED_USER" jdbcType="BIGINT" property="AUTHENTICATED_USER" />
    <result column="EFFECTIVE_USER" jdbcType="BIGINT" property="EFFECTIVE_USER" />
    <result column="LOGIN_SUCCESS" jdbcType="CHAR" property="LOGIN_SUCCESS" />
    <result column="TIMESTAMP" jdbcType="TIMESTAMP" property="TIMESTAMP" />
  </resultMap>
  <sql id="Example_Where_Clause">
    <!--
      WARNING - @mbggenerated
      This element is automatically generated by MyBatis Generator, do not modify.
      This element was generated on Wed Oct 21 20:19:24 EDT 2015.
    -->
    <where>
      <foreach collection="oredCriteria" item="criteria" separator="or">
        <if test="criteria.valid">
          <trim prefix="(" prefixOverrides="and" suffix=")">
            <foreach collection="criteria.criteria" item="criterion">
              <choose>
                <when test="criterion.noValue">
                  and ${criterion.condition}
                </when>
                <when test="criterion.singleValue">
                  and ${criterion.condition} #{criterion.value}
                </when>
                <when test="criterion.betweenValue">
                  and ${criterion.condition} #{criterion.value} and #{criterion.secondValue}
                </when>
                <when test="criterion.listValue">
                  and ${criterion.condition}
                  <foreach close=")" collection="criterion.value" item="listItem" open="(" separator=",">
                    #{listItem}
                  </foreach>
                </when>
              </choose>
            </foreach>
          </trim>
        </if>
      </foreach>
    </where>
  </sql>
  <sql id="Update_By_Example_Where_Clause">
    <!--
      WARNING - @mbggenerated
      This element is automatically generated by MyBatis Generator, do not modify.
      This element was generated on Wed Oct 21 20:19:24 EDT 2015.
    -->
    <where>
      <foreach collection="example.oredCriteria" item="criteria" separator="or">
        <if test="criteria.valid">
          <trim prefix="(" prefixOverrides="and" suffix=")">
            <foreach collection="criteria.criteria" item="criterion">
              <choose>
                <when test="criterion.noValue">
                  and ${criterion.condition}
                </when>
                <when test="criterion.singleValue">
                  and ${criterion.condition} #{criterion.value}
                </when>
                <when test="criterion.betweenValue">
                  and ${criterion.condition} #{criterion.value} and #{criterion.secondValue}
                </when>
                <when test="criterion.listValue">
                  and ${criterion.condition}
                  <foreach close=")" collection="criterion.value" item="listItem" open="(" separator=",">
                    #{listItem}
                  </foreach>
                </when>
              </choose>
            </foreach>
          </trim>
        </if>
      </foreach>
    </where>
  </sql>
  <sql id="Base_Column_List">
    <!--
      WARNING - @mbggenerated
      This element is automatically generated by MyBatis Generator, do not modify.
      This element was generated on Wed Oct 21 20:19:24 EDT 2015.
    -->
    ID, VERSION, ACTION, AUTHENTICATED_USER, EFFECTIVE_USER, LOGIN_SUCCESS, TIMESTAMP
  </sql>
  <select id="selectByExample" parameterType="com.rstech.wordwatch.dao.ScrLoginsAndLogoutsExample" resultMap="BaseResultMap">
    <!--
      WARNING - @mbggenerated
      This element is automatically generated by MyBatis Generator, do not modify.
      This element was generated on Wed Oct 21 20:19:24 EDT 2015.
    -->
    select
    <if test="distinct">
      distinct
    </if>
    <include refid="Base_Column_List" />
    from logins_and_logouts
    <if test="_parameter != null">
      <include refid="Example_Where_Clause" />
    </if>
    <if test="orderByClause != null">
      order by ${orderByClause}
    </if>
  </select>
  <select id="selectByPrimaryKey" parameterType="java.lang.Long" resultMap="BaseResultMap">
    <!--
      WARNING - @mbggenerated
      This element is automatically generated by MyBatis Generator, do not modify.
      This element was generated on Wed Oct 21 20:19:24 EDT 2015.
    -->
    select 
    <include refid="Base_Column_List" />
    from logins_and_logouts
    where ID = #{ID,jdbcType=BIGINT}
  </select>
  <delete id="deleteByPrimaryKey" parameterType="java.lang.Long">
    <!--
      WARNING - @mbggenerated
      This element is automatically generated by MyBatis Generator, do not modify.
      This element was generated on Wed Oct 21 20:19:24 EDT 2015.
    -->
    delete from logins_and_logouts
    where ID = #{ID,jdbcType=BIGINT}
  </delete>
  <delete id="deleteByExample" parameterType="com.rstech.wordwatch.dao.ScrLoginsAndLogoutsExample">
    <!--
      WARNING - @mbggenerated
      This element is automatically generated by MyBatis Generator, do not modify.
      This element was generated on Wed Oct 21 20:19:24 EDT 2015.
    -->
    delete from logins_and_logouts
    <if test="_parameter != null">
      <include refid="Example_Where_Clause" />
    </if>
  </delete>
  <insert id="insert" parameterType="com.rstech.wordwatch.dao.ScrLoginsAndLogouts">
    <!--
      WARNING - @mbggenerated
      This element is automatically generated by MyBatis Generator, do not modify.
      This element was generated on Wed Oct 21 20:19:24 EDT 2015.
    -->
    <selectKey keyProperty="ID" order="AFTER" resultType="java.lang.Long">
      SELECT LAST_INSERT_ID()
    </selectKey>
    insert into logins_and_logouts (VERSION, ACTION, AUTHENTICATED_USER, 
      EFFECTIVE_USER, LOGIN_SUCCESS, TIMESTAMP
      )
    values (#{VERSION,jdbcType=INTEGER}, #{ACTION,jdbcType=VARCHAR}, #{AUTHENTICATED_USER,jdbcType=BIGINT}, 
      #{EFFECTIVE_USER,jdbcType=BIGINT}, #{LOGIN_SUCCESS,jdbcType=CHAR}, #{TIMESTAMP,jdbcType=TIMESTAMP}
      )
  </insert>
  <insert id="insertSelective" parameterType="com.rstech.wordwatch.dao.ScrLoginsAndLogouts">
    <!--
      WARNING - @mbggenerated
      This element is automatically generated by MyBatis Generator, do not modify.
      This element was generated on Wed Oct 21 20:19:24 EDT 2015.
    -->
    <selectKey keyProperty="ID" order="AFTER" resultType="java.lang.Long">
      SELECT LAST_INSERT_ID()
    </selectKey>
    insert into logins_and_logouts
    <trim prefix="(" suffix=")" suffixOverrides=",">
      <if test="VERSION != null">
        VERSION,
      </if>
      <if test="ACTION != null">
        ACTION,
      </if>
      <if test="AUTHENTICATED_USER != null">
        AUTHENTICATED_USER,
      </if>
      <if test="EFFECTIVE_USER != null">
        EFFECTIVE_USER,
      </if>
      <if test="LOGIN_SUCCESS != null">
        LOGIN_SUCCESS,
      </if>
      <if test="TIMESTAMP != null">
        TIMESTAMP,
      </if>
    </trim>
    <trim prefix="values (" suffix=")" suffixOverrides=",">
      <if test="VERSION != null">
        #{VERSION,jdbcType=INTEGER},
      </if>
      <if test="ACTION != null">
        #{ACTION,jdbcType=VARCHAR},
      </if>
      <if test="AUTHENTICATED_USER != null">
        #{AUTHENTICATED_USER,jdbcType=BIGINT},
      </if>
      <if test="EFFECTIVE_USER != null">
        #{EFFECTIVE_USER,jdbcType=BIGINT},
      </if>
      <if test="LOGIN_SUCCESS != null">
        #{LOGIN_SUCCESS,jdbcType=CHAR},
      </if>
      <if test="TIMESTAMP != null">
        #{TIMESTAMP,jdbcType=TIMESTAMP},
      </if>
    </trim>
  </insert>
  <select id="countByExample" parameterType="com.rstech.wordwatch.dao.ScrLoginsAndLogoutsExample" resultType="java.lang.Integer">
    <!--
      WARNING - @mbggenerated
      This element is automatically generated by MyBatis Generator, do not modify.
      This element was generated on Wed Oct 21 20:19:24 EDT 2015.
    -->
    select count(*) from logins_and_logouts
    <if test="_parameter != null">
      <include refid="Example_Where_Clause" />
    </if>
  </select>
  <update id="updateByExampleSelective" parameterType="map">
    <!--
      WARNING - @mbggenerated
      This element is automatically generated by MyBatis Generator, do not modify.
      This element was generated on Wed Oct 21 20:19:24 EDT 2015.
    -->
    update logins_and_logouts
    <set>
      <if test="record.ID != null">
        ID = #{record.ID,jdbcType=BIGINT},
      </if>
      <if test="record.VERSION != null">
        VERSION = #{record.VERSION,jdbcType=INTEGER},
      </if>
      <if test="record.ACTION != null">
        ACTION = #{record.ACTION,jdbcType=VARCHAR},
      </if>
      <if test="record.AUTHENTICATED_USER != null">
        AUTHENTICATED_USER = #{record.AUTHENTICATED_USER,jdbcType=BIGINT},
      </if>
      <if test="record.EFFECTIVE_USER != null">
        EFFECTIVE_USER = #{record.EFFECTIVE_USER,jdbcType=BIGINT},
      </if>
      <if test="record.LOGIN_SUCCESS != null">
        LOGIN_SUCCESS = #{record.LOGIN_SUCCESS,jdbcType=CHAR},
      </if>
      <if test="record.TIMESTAMP != null">
        TIMESTAMP = #{record.TIMESTAMP,jdbcType=TIMESTAMP},
      </if>
    </set>
    <if test="_parameter != null">
      <include refid="Update_By_Example_Where_Clause" />
    </if>
  </update>
  <update id="updateByExample" parameterType="map">
    <!--
      WARNING - @mbggenerated
      This element is automatically generated by MyBatis Generator, do not modify.
      This element was generated on Wed Oct 21 20:19:24 EDT 2015.
    -->
    update logins_and_logouts
    set ID = #{record.ID,jdbcType=BIGINT},
      VERSION = #{record.VERSION,jdbcType=INTEGER},
      ACTION = #{record.ACTION,jdbcType=VARCHAR},
      AUTHENTICATED_USER = #{record.AUTHENTICATED_USER,jdbcType=BIGINT},
      EFFECTIVE_USER = #{record.EFFECTIVE_USER,jdbcType=BIGINT},
      LOGIN_SUCCESS = #{record.LOGIN_SUCCESS,jdbcType=CHAR},
      TIMESTAMP = #{record.TIMESTAMP,jdbcType=TIMESTAMP}
    <if test="_parameter != null">
      <include refid="Update_By_Example_Where_Clause" />
    </if>
  </update>
  <update id="updateByPrimaryKeySelective" parameterType="com.rstech.wordwatch.dao.ScrLoginsAndLogouts">
    <!--
      WARNING - @mbggenerated
      This element is automatically generated by MyBatis Generator, do not modify.
      This element was generated on Wed Oct 21 20:19:24 EDT 2015.
    -->
    update logins_and_logouts
    <set>
      <if test="VERSION != null">
        VERSION = #{VERSION,jdbcType=INTEGER},
      </if>
      <if test="ACTION != null">
        ACTION = #{ACTION,jdbcType=VARCHAR},
      </if>
      <if test="AUTHENTICATED_USER != null">
        AUTHENTICATED_USER = #{AUTHENTICATED_USER,jdbcType=BIGINT},
      </if>
      <if test="EFFECTIVE_USER != null">
        EFFECTIVE_USER = #{EFFECTIVE_USER,jdbcType=BIGINT},
      </if>
      <if test="LOGIN_SUCCESS != null">
        LOGIN_SUCCESS = #{LOGIN_SUCCESS,jdbcType=CHAR},
      </if>
      <if test="TIMESTAMP != null">
        TIMESTAMP = #{TIMESTAMP,jdbcType=TIMESTAMP},
      </if>
    </set>
    where ID = #{ID,jdbcType=BIGINT}
  </update>
  <update id="updateByPrimaryKey" parameterType="com.rstech.wordwatch.dao.ScrLoginsAndLogouts">
    <!--
      WARNING - @mbggenerated
      This element is automatically generated by MyBatis Generator, do not modify.
      This element was generated on Wed Oct 21 20:19:24 EDT 2015.
    -->
    update logins_and_logouts
    set VERSION = #{VERSION,jdbcType=INTEGER},
      ACTION = #{ACTION,jdbcType=VARCHAR},
      AUTHENTICATED_USER = #{AUTHENTICATED_USER,jdbcType=BIGINT},
      EFFECTIVE_USER = #{EFFECTIVE_USER,jdbcType=BIGINT},
      LOGIN_SUCCESS = #{LOGIN_SUCCESS,jdbcType=CHAR},
      TIMESTAMP = #{TIMESTAMP,jdbcType=TIMESTAMP}
    where ID = #{ID,jdbcType=BIGINT}
  </update>
</mapper>