<?xml version="1.0" encoding="UTF-8"?>
<!DOCTYPE mapper PUBLIC "-//mybatis.org//DTD Mapper 3.0//EN" "http://mybatis.org/dtd/mybatis-3-mapper.dtd">
<mapper namespace="com.rstech.wordwatch.dao.mapper.WDUserReportMapper">
  <resultMap id="BaseResultMap" type="com.rstech.wordwatch.dao.WDUserReport">
    <!--
      WARNING - @mbggenerated
      This element is automatically generated by MyBatis Generator, do not modify.
      This element was generated on Wed Oct 21 20:19:24 EDT 2015.
    -->
    <id column="ID" jdbcType="BIGINT" property="ID" />
    <result column="RS_USER" jdbcType="BIGINT" property="RS_USER" />
    <result column="WD_REPORT" jdbcType="BIGINT" property="WD_REPORT" />
    <result column="IS_READ_ONLY" jdbcType="VARCHAR" property="IS_READ_ONLY" />
    <result column="VERSION" jdbcType="INTEGER" property="VERSION" />
  </resultMap>
  <sql id="Example_Where_Clause">
    <!--
      WARNING - @mbggenerated
      This element is automatically generated by MyBatis Generator, do not modify.
      This element was generated on Wed Oct 21 20:19:24 EDT 2015.
    -->
    <where>
      <foreach collection="oredCriteria" item="criteria" separator="or">
        <if test="criteria.valid">
          <trim prefix="(" prefixOverrides="and" suffix=")">
            <foreach collection="criteria.criteria" item="criterion">
              <choose>
                <when test="criterion.noValue">
                  and ${criterion.condition}
                </when>
                <when test="criterion.singleValue">
                  and ${criterion.condition} #{criterion.value}
                </when>
                <when test="criterion.betweenValue">
                  and ${criterion.condition} #{criterion.value} and #{criterion.secondValue}
                </when>
                <when test="criterion.listValue">
                  and ${criterion.condition}
                  <foreach close=")" collection="criterion.value" item="listItem" open="(" separator=",">
                    #{listItem}
                  </foreach>
                </when>
              </choose>
            </foreach>
          </trim>
        </if>
      </foreach>
    </where>
  </sql>
  <sql id="Update_By_Example_Where_Clause">
    <!--
      WARNING - @mbggenerated
      This element is automatically generated by MyBatis Generator, do not modify.
      This element was generated on Wed Oct 21 20:19:24 EDT 2015.
    -->
    <where>
      <foreach collection="example.oredCriteria" item="criteria" separator="or">
        <if test="criteria.valid">
          <trim prefix="(" prefixOverrides="and" suffix=")">
            <foreach collection="criteria.criteria" item="criterion">
              <choose>
                <when test="criterion.noValue">
                  and ${criterion.condition}
                </when>
                <when test="criterion.singleValue">
                  and ${criterion.condition} #{criterion.value}
                </when>
                <when test="criterion.betweenValue">
                  and ${criterion.condition} #{criterion.value} and #{criterion.secondValue}
                </when>
                <when test="criterion.listValue">
                  and ${criterion.condition}
                  <foreach close=")" collection="criterion.value" item="listItem" open="(" separator=",">
                    #{listItem}
                  </foreach>
                </when>
              </choose>
            </foreach>
          </trim>
        </if>
      </foreach>
    </where>
  </sql>
  <sql id="Base_Column_List">
    <!--
      WARNING - @mbggenerated
      This element is automatically generated by MyBatis Generator, do not modify.
      This element was generated on Wed Oct 21 20:19:24 EDT 2015.
    -->
    ID, RS_USER, WD_REPORT, IS_READ_ONLY, VERSION
  </sql>
  <select id="selectByExample" parameterType="com.rstech.wordwatch.dao.WDUserReportExample" resultMap="BaseResultMap">
    <!--
      WARNING - @mbggenerated
      This element is automatically generated by MyBatis Generator, do not modify.
      This element was generated on Wed Oct 21 20:19:24 EDT 2015.
    -->
    select
    <if test="distinct">
      distinct
    </if>
    <include refid="Base_Column_List" />
    from wd_user_report_view
    <if test="_parameter != null">
      <include refid="Example_Where_Clause" />
    </if>
    <if test="orderByClause != null">
      order by ${orderByClause}
    </if>
  </select>
  <select id="selectByPrimaryKey" parameterType="java.lang.Long" resultMap="BaseResultMap">
    <!--
      WARNING - @mbggenerated
      This element is automatically generated by MyBatis Generator, do not modify.
      This element was generated on Wed Oct 21 20:19:24 EDT 2015.
    -->
    select 
    <include refid="Base_Column_List" />
    from wd_user_report_view
    where ID = #{ID,jdbcType=BIGINT}
  </select>
  <delete id="deleteByPrimaryKey" parameterType="java.lang.Long">
    <!--
      WARNING - @mbggenerated
      This element is automatically generated by MyBatis Generator, do not modify.
      This element was generated on Wed Oct 21 20:19:24 EDT 2015.
    -->
    delete from wd_user_report_view
    where ID = #{ID,jdbcType=BIGINT}
  </delete>
  <delete id="deleteByExample" parameterType="com.rstech.wordwatch.dao.WDUserReportExample">
    <!--
      WARNING - @mbggenerated
      This element is automatically generated by MyBatis Generator, do not modify.
      This element was generated on Wed Oct 21 20:19:24 EDT 2015.
    -->
    delete from wd_user_report_view
    <if test="_parameter != null">
      <include refid="Example_Where_Clause" />
    </if>
  </delete>
  <insert id="insert" parameterType="com.rstech.wordwatch.dao.WDUserReport">
    <!--
      WARNING - @mbggenerated
      This element is automatically generated by MyBatis Generator, do not modify.
      This element was generated on Wed Oct 21 20:19:24 EDT 2015.
    -->
    <selectKey keyProperty="ID" order="AFTER" resultType="java.lang.Long">
      SELECT LAST_INSERT_ID()
    </selectKey>
    insert into wd_user_report_view (RS_USER, WD_REPORT, IS_READ_ONLY, 
      VERSION)
    values (#{RS_USER,jdbcType=BIGINT}, #{WD_REPORT,jdbcType=BIGINT}, #{IS_READ_ONLY,jdbcType=VARCHAR}, 
      #{VERSION,jdbcType=INTEGER})
  </insert>
  <insert id="insertSelective" parameterType="com.rstech.wordwatch.dao.WDUserReport">
    <!--
      WARNING - @mbggenerated
      This element is automatically generated by MyBatis Generator, do not modify.
      This element was generated on Wed Oct 21 20:19:24 EDT 2015.
    -->
    <selectKey keyProperty="ID" order="AFTER" resultType="java.lang.Long">
      SELECT LAST_INSERT_ID()
    </selectKey>
    insert into wd_user_report_view
    <trim prefix="(" suffix=")" suffixOverrides=",">
      <if test="RS_USER != null">
        RS_USER,
      </if>
      <if test="WD_REPORT != null">
        WD_REPORT,
      </if>
      <if test="IS_READ_ONLY != null">
        IS_READ_ONLY,
      </if>
      <if test="VERSION != null">
        VERSION,
      </if>
    </trim>
    <trim prefix="values (" suffix=")" suffixOverrides=",">
      <if test="RS_USER != null">
        #{RS_USER,jdbcType=BIGINT},
      </if>
      <if test="WD_REPORT != null">
        #{WD_REPORT,jdbcType=BIGINT},
      </if>
      <if test="IS_READ_ONLY != null">
        #{IS_READ_ONLY,jdbcType=VARCHAR},
      </if>
      <if test="VERSION != null">
        #{VERSION,jdbcType=INTEGER},
      </if>
    </trim>
  </insert>
  <select id="countByExample" parameterType="com.rstech.wordwatch.dao.WDUserReportExample" resultType="java.lang.Integer">
    <!--
      WARNING - @mbggenerated
      This element is automatically generated by MyBatis Generator, do not modify.
      This element was generated on Wed Oct 21 20:19:24 EDT 2015.
    -->
    select count(*) from wd_user_report_view
    <if test="_parameter != null">
      <include refid="Example_Where_Clause" />
    </if>
  </select>
  <update id="updateByExampleSelective" parameterType="map">
    <!--
      WARNING - @mbggenerated
      This element is automatically generated by MyBatis Generator, do not modify.
      This element was generated on Wed Oct 21 20:19:24 EDT 2015.
    -->
    update wd_user_report_view
    <set>
      <if test="record.ID != null">
        ID = #{record.ID,jdbcType=BIGINT},
      </if>
      <if test="record.RS_USER != null">
        RS_USER = #{record.RS_USER,jdbcType=BIGINT},
      </if>
      <if test="record.WD_REPORT != null">
        WD_REPORT = #{record.WD_REPORT,jdbcType=BIGINT},
      </if>
      <if test="record.IS_READ_ONLY != null">
        IS_READ_ONLY = #{record.IS_READ_ONLY,jdbcType=VARCHAR},
      </if>
      <if test="record.VERSION != null">
        VERSION = #{record.VERSION,jdbcType=INTEGER},
      </if>
    </set>
    <if test="_parameter != null">
      <include refid="Update_By_Example_Where_Clause" />
    </if>
  </update>
  <update id="updateByExample" parameterType="map">
    <!--
      WARNING - @mbggenerated
      This element is automatically generated by MyBatis Generator, do not modify.
      This element was generated on Wed Oct 21 20:19:24 EDT 2015.
    -->
    update wd_user_report_view
    set ID = #{record.ID,jdbcType=BIGINT},
      RS_USER = #{record.RS_USER,jdbcType=BIGINT},
      WD_REPORT = #{record.WD_REPORT,jdbcType=BIGINT},
      IS_READ_ONLY = #{record.IS_READ_ONLY,jdbcType=VARCHAR},
      VERSION = #{record.VERSION,jdbcType=INTEGER}
    <if test="_parameter != null">
      <include refid="Update_By_Example_Where_Clause" />
    </if>
  </update>
  <update id="updateByPrimaryKeySelective" parameterType="com.rstech.wordwatch.dao.WDUserReport">
    <!--
      WARNING - @mbggenerated
      This element is automatically generated by MyBatis Generator, do not modify.
      This element was generated on Wed Oct 21 20:19:24 EDT 2015.
    -->
    update wd_user_report_view
    <set>
      <if test="RS_USER != null">
        RS_USER = #{RS_USER,jdbcType=BIGINT},
      </if>
      <if test="WD_REPORT != null">
        WD_REPORT = #{WD_REPORT,jdbcType=BIGINT},
      </if>
      <if test="IS_READ_ONLY != null">
        IS_READ_ONLY = #{IS_READ_ONLY,jdbcType=VARCHAR},
      </if>
      <if test="VERSION != null">
        VERSION = #{VERSION,jdbcType=INTEGER},
      </if>
    </set>
    where ID = #{ID,jdbcType=BIGINT}
  </update>
  <update id="updateByPrimaryKey" parameterType="com.rstech.wordwatch.dao.WDUserReport">
    <!--
      WARNING - @mbggenerated
      This element is automatically generated by MyBatis Generator, do not modify.
      This element was generated on Wed Oct 21 20:19:24 EDT 2015.
    -->
    update wd_user_report_view
    set RS_USER = #{RS_USER,jdbcType=BIGINT},
      WD_REPORT = #{WD_REPORT,jdbcType=BIGINT},
      IS_READ_ONLY = #{IS_READ_ONLY,jdbcType=VARCHAR},
      VERSION = #{VERSION,jdbcType=INTEGER}
    where ID = #{ID,jdbcType=BIGINT}
  </update>
</mapper>