<?xml version="1.0" encoding="UTF-8"?>
<!DOCTYPE mapper PUBLIC "-//mybatis.org//DTD Mapper 3.0//EN" "http://mybatis.org/dtd/mybatis-3-mapper.dtd">
<mapper namespace="com.rstech.wordwatch.dao.mapper.WordReportMapper">
  <resultMap id="BaseResultMap" type="com.rstech.wordwatch.dao.WordReport">
    <!--
      WARNING - @mbggenerated
      This element is automatically generated by MyBatis Generator, do not modify.
      This element was generated on Wed Oct 21 20:19:24 EDT 2015.
    -->
    <id column="ID" jdbcType="BIGINT" property="ID" />
    <result column="RS_CLIENT" jdbcType="BIGINT" property="RS_CLIENT" />
    <result column="REPORT_TYPE" jdbcType="VARCHAR" property="REPORT_TYPE" />
    <result column="TITLE" jdbcType="VARCHAR" property="TITLE" />
    <result column="STATUS" jdbcType="VARCHAR" property="STATUS" />
    <result column="REPORTS_RUN" jdbcType="SMALLINT" property="REPORTS_RUN" />
    <result column="FIRST_RUN_DATE" jdbcType="DATE" property="FIRST_RUN_DATE" />
    <result column="LAST_RUN_DATE" jdbcType="DATE" property="LAST_RUN_DATE" />
    <result column="EXPIRATION_DATE" jdbcType="DATE" property="EXPIRATION_DATE" />
    <result column="DESCRIPTION" jdbcType="VARCHAR" property="DESCRIPTION" />
    <result column="IS_DELETED" jdbcType="VARCHAR" property="IS_DELETED" />
    <result column="VERSION" jdbcType="INTEGER" property="VERSION" />
    <result column="IS_EXPIRED" jdbcType="VARCHAR" property="IS_EXPIRED" />
    <result column="IS_TRIAL" jdbcType="VARCHAR" property="IS_TRIAL" />
    <result column="FREQUENCY" jdbcType="VARCHAR" property="FREQUENCY" />
    <result column="IS_AUTO_PUBLISH" jdbcType="VARCHAR" property="IS_AUTO_PUBLISH" />
    <result column="RPT_URL" jdbcType="VARCHAR" property="RPT_URL" />
  </resultMap>
  <sql id="Example_Where_Clause">
    <!--
      WARNING - @mbggenerated
      This element is automatically generated by MyBatis Generator, do not modify.
      This element was generated on Wed Oct 21 20:19:24 EDT 2015.
    -->
    <where>
      <foreach collection="oredCriteria" item="criteria" separator="or">
        <if test="criteria.valid">
          <trim prefix="(" prefixOverrides="and" suffix=")">
            <foreach collection="criteria.criteria" item="criterion">
              <choose>
                <when test="criterion.noValue">
                  and ${criterion.condition}
                </when>
                <when test="criterion.singleValue">
                  and ${criterion.condition} #{criterion.value}
                </when>
                <when test="criterion.betweenValue">
                  and ${criterion.condition} #{criterion.value} and #{criterion.secondValue}
                </when>
                <when test="criterion.listValue">
                  and ${criterion.condition}
                  <foreach close=")" collection="criterion.value" item="listItem" open="(" separator=",">
                    #{listItem}
                  </foreach>
                </when>
              </choose>
            </foreach>
          </trim>
        </if>
      </foreach>
    </where>
  </sql>
  <sql id="Update_By_Example_Where_Clause">
    <!--
      WARNING - @mbggenerated
      This element is automatically generated by MyBatis Generator, do not modify.
      This element was generated on Wed Oct 21 20:19:24 EDT 2015.
    -->
    <where>
      <foreach collection="example.oredCriteria" item="criteria" separator="or">
        <if test="criteria.valid">
          <trim prefix="(" prefixOverrides="and" suffix=")">
            <foreach collection="criteria.criteria" item="criterion">
              <choose>
                <when test="criterion.noValue">
                  and ${criterion.condition}
                </when>
                <when test="criterion.singleValue">
                  and ${criterion.condition} #{criterion.value}
                </when>
                <when test="criterion.betweenValue">
                  and ${criterion.condition} #{criterion.value} and #{criterion.secondValue}
                </when>
                <when test="criterion.listValue">
                  and ${criterion.condition}
                  <foreach close=")" collection="criterion.value" item="listItem" open="(" separator=",">
                    #{listItem}
                  </foreach>
                </when>
              </choose>
            </foreach>
          </trim>
        </if>
      </foreach>
    </where>
  </sql>
  <sql id="Base_Column_List">
    <!--
      WARNING - @mbggenerated
      This element is automatically generated by MyBatis Generator, do not modify.
      This element was generated on Wed Oct 21 20:19:24 EDT 2015.
    -->
    ID, RS_CLIENT, REPORT_TYPE, TITLE, STATUS, REPORTS_RUN, FIRST_RUN_DATE, LAST_RUN_DATE, 
    EXPIRATION_DATE, DESCRIPTION, IS_DELETED, VERSION, IS_EXPIRED, IS_TRIAL, FREQUENCY, 
    IS_AUTO_PUBLISH, RPT_URL
  </sql>
  <select id="selectByExample" parameterType="com.rstech.wordwatch.dao.WordReportExample" resultMap="BaseResultMap">
    <!--
      WARNING - @mbggenerated
      This element is automatically generated by MyBatis Generator, do not modify.
      This element was generated on Wed Oct 21 20:19:24 EDT 2015.
    -->
    select
    <if test="distinct">
      distinct
    </if>
    <include refid="Base_Column_List" />
    from wd_report
    <if test="_parameter != null">
      <include refid="Example_Where_Clause" />
    </if>
    <if test="orderByClause != null">
      order by ${orderByClause}
    </if>
  </select>
  <select id="selectByPrimaryKey" parameterType="java.lang.Long" resultMap="BaseResultMap">
    <!--
      WARNING - @mbggenerated
      This element is automatically generated by MyBatis Generator, do not modify.
      This element was generated on Wed Oct 21 20:19:24 EDT 2015.
    -->
    select 
    <include refid="Base_Column_List" />
    from wd_report
    where ID = #{ID,jdbcType=BIGINT}
  </select>
  <delete id="deleteByPrimaryKey" parameterType="java.lang.Long">
    <!--
      WARNING - @mbggenerated
      This element is automatically generated by MyBatis Generator, do not modify.
      This element was generated on Wed Oct 21 20:19:24 EDT 2015.
    -->
    delete from wd_report
    where ID = #{ID,jdbcType=BIGINT}
  </delete>
  <delete id="deleteByExample" parameterType="com.rstech.wordwatch.dao.WordReportExample">
    <!--
      WARNING - @mbggenerated
      This element is automatically generated by MyBatis Generator, do not modify.
      This element was generated on Wed Oct 21 20:19:24 EDT 2015.
    -->
    delete from wd_report
    <if test="_parameter != null">
      <include refid="Example_Where_Clause" />
    </if>
  </delete>
  <insert id="insert" parameterType="com.rstech.wordwatch.dao.WordReport">
    <!--
      WARNING - @mbggenerated
      This element is automatically generated by MyBatis Generator, do not modify.
      This element was generated on Wed Oct 21 20:19:24 EDT 2015.
    -->
    <selectKey keyProperty="ID" order="AFTER" resultType="java.lang.Long">
      SELECT LAST_INSERT_ID()
    </selectKey>
    insert into wd_report (RS_CLIENT, REPORT_TYPE, TITLE, 
      STATUS, REPORTS_RUN, FIRST_RUN_DATE, 
      LAST_RUN_DATE, EXPIRATION_DATE, DESCRIPTION, 
      IS_DELETED, VERSION, IS_EXPIRED, 
      IS_TRIAL, FREQUENCY, IS_AUTO_PUBLISH, 
      RPT_URL)
    values (#{RS_CLIENT,jdbcType=BIGINT}, #{REPORT_TYPE,jdbcType=VARCHAR}, #{TITLE,jdbcType=VARCHAR}, 
      #{STATUS,jdbcType=VARCHAR}, #{REPORTS_RUN,jdbcType=SMALLINT}, #{FIRST_RUN_DATE,jdbcType=DATE}, 
      #{LAST_RUN_DATE,jdbcType=DATE}, #{EXPIRATION_DATE,jdbcType=DATE}, #{DESCRIPTION,jdbcType=VARCHAR}, 
      #{IS_DELETED,jdbcType=VARCHAR}, #{VERSION,jdbcType=INTEGER}, #{IS_EXPIRED,jdbcType=VARCHAR}, 
      #{IS_TRIAL,jdbcType=VARCHAR}, #{FREQUENCY,jdbcType=VARCHAR}, #{IS_AUTO_PUBLISH,jdbcType=VARCHAR}, 
      #{RPT_URL,jdbcType=VARCHAR})
  </insert>
  <insert id="insertSelective" parameterType="com.rstech.wordwatch.dao.WordReport">
    <!--
      WARNING - @mbggenerated
      This element is automatically generated by MyBatis Generator, do not modify.
      This element was generated on Wed Oct 21 20:19:24 EDT 2015.
    -->
    <selectKey keyProperty="ID" order="AFTER" resultType="java.lang.Long">
      SELECT LAST_INSERT_ID()
    </selectKey>
    insert into wd_report
    <trim prefix="(" suffix=")" suffixOverrides=",">
      <if test="RS_CLIENT != null">
        RS_CLIENT,
      </if>
      <if test="REPORT_TYPE != null">
        REPORT_TYPE,
      </if>
      <if test="TITLE != null">
        TITLE,
      </if>
      <if test="STATUS != null">
        STATUS,
      </if>
      <if test="REPORTS_RUN != null">
        REPORTS_RUN,
      </if>
      <if test="FIRST_RUN_DATE != null">
        FIRST_RUN_DATE,
      </if>
      <if test="LAST_RUN_DATE != null">
        LAST_RUN_DATE,
      </if>
      <if test="EXPIRATION_DATE != null">
        EXPIRATION_DATE,
      </if>
      <if test="DESCRIPTION != null">
        DESCRIPTION,
      </if>
      <if test="IS_DELETED != null">
        IS_DELETED,
      </if>
      <if test="VERSION != null">
        VERSION,
      </if>
      <if test="IS_EXPIRED != null">
        IS_EXPIRED,
      </if>
      <if test="IS_TRIAL != null">
        IS_TRIAL,
      </if>
      <if test="FREQUENCY != null">
        FREQUENCY,
      </if>
      <if test="IS_AUTO_PUBLISH != null">
        IS_AUTO_PUBLISH,
      </if>
      <if test="RPT_URL != null">
        RPT_URL,
      </if>
    </trim>
    <trim prefix="values (" suffix=")" suffixOverrides=",">
      <if test="RS_CLIENT != null">
        #{RS_CLIENT,jdbcType=BIGINT},
      </if>
      <if test="REPORT_TYPE != null">
        #{REPORT_TYPE,jdbcType=VARCHAR},
      </if>
      <if test="TITLE != null">
        #{TITLE,jdbcType=VARCHAR},
      </if>
      <if test="STATUS != null">
        #{STATUS,jdbcType=VARCHAR},
      </if>
      <if test="REPORTS_RUN != null">
        #{REPORTS_RUN,jdbcType=SMALLINT},
      </if>
      <if test="FIRST_RUN_DATE != null">
        #{FIRST_RUN_DATE,jdbcType=DATE},
      </if>
      <if test="LAST_RUN_DATE != null">
        #{LAST_RUN_DATE,jdbcType=DATE},
      </if>
      <if test="EXPIRATION_DATE != null">
        #{EXPIRATION_DATE,jdbcType=DATE},
      </if>
      <if test="DESCRIPTION != null">
        #{DESCRIPTION,jdbcType=VARCHAR},
      </if>
      <if test="IS_DELETED != null">
        #{IS_DELETED,jdbcType=VARCHAR},
      </if>
      <if test="VERSION != null">
        #{VERSION,jdbcType=INTEGER},
      </if>
      <if test="IS_EXPIRED != null">
        #{IS_EXPIRED,jdbcType=VARCHAR},
      </if>
      <if test="IS_TRIAL != null">
        #{IS_TRIAL,jdbcType=VARCHAR},
      </if>
      <if test="FREQUENCY != null">
        #{FREQUENCY,jdbcType=VARCHAR},
      </if>
      <if test="IS_AUTO_PUBLISH != null">
        #{IS_AUTO_PUBLISH,jdbcType=VARCHAR},
      </if>
      <if test="RPT_URL != null">
        #{RPT_URL,jdbcType=VARCHAR},
      </if>
    </trim>
  </insert>
  <select id="countByExample" parameterType="com.rstech.wordwatch.dao.WordReportExample" resultType="java.lang.Integer">
    <!--
      WARNING - @mbggenerated
      This element is automatically generated by MyBatis Generator, do not modify.
      This element was generated on Wed Oct 21 20:19:24 EDT 2015.
    -->
    select count(*) from wd_report
    <if test="_parameter != null">
      <include refid="Example_Where_Clause" />
    </if>
  </select>
  <update id="updateByExampleSelective" parameterType="map">
    <!--
      WARNING - @mbggenerated
      This element is automatically generated by MyBatis Generator, do not modify.
      This element was generated on Wed Oct 21 20:19:24 EDT 2015.
    -->
    update wd_report
    <set>
      <if test="record.ID != null">
        ID = #{record.ID,jdbcType=BIGINT},
      </if>
      <if test="record.RS_CLIENT != null">
        RS_CLIENT = #{record.RS_CLIENT,jdbcType=BIGINT},
      </if>
      <if test="record.REPORT_TYPE != null">
        REPORT_TYPE = #{record.REPORT_TYPE,jdbcType=VARCHAR},
      </if>
      <if test="record.TITLE != null">
        TITLE = #{record.TITLE,jdbcType=VARCHAR},
      </if>
      <if test="record.STATUS != null">
        STATUS = #{record.STATUS,jdbcType=VARCHAR},
      </if>
      <if test="record.REPORTS_RUN != null">
        REPORTS_RUN = #{record.REPORTS_RUN,jdbcType=SMALLINT},
      </if>
      <if test="record.FIRST_RUN_DATE != null">
        FIRST_RUN_DATE = #{record.FIRST_RUN_DATE,jdbcType=DATE},
      </if>
      <if test="record.LAST_RUN_DATE != null">
        LAST_RUN_DATE = #{record.LAST_RUN_DATE,jdbcType=DATE},
      </if>
      <if test="record.EXPIRATION_DATE != null">
        EXPIRATION_DATE = #{record.EXPIRATION_DATE,jdbcType=DATE},
      </if>
      <if test="record.DESCRIPTION != null">
        DESCRIPTION = #{record.DESCRIPTION,jdbcType=VARCHAR},
      </if>
      <if test="record.IS_DELETED != null">
        IS_DELETED = #{record.IS_DELETED,jdbcType=VARCHAR},
      </if>
      <if test="record.VERSION != null">
        VERSION = #{record.VERSION,jdbcType=INTEGER},
      </if>
      <if test="record.IS_EXPIRED != null">
        IS_EXPIRED = #{record.IS_EXPIRED,jdbcType=VARCHAR},
      </if>
      <if test="record.IS_TRIAL != null">
        IS_TRIAL = #{record.IS_TRIAL,jdbcType=VARCHAR},
      </if>
      <if test="record.FREQUENCY != null">
        FREQUENCY = #{record.FREQUENCY,jdbcType=VARCHAR},
      </if>
      <if test="record.IS_AUTO_PUBLISH != null">
        IS_AUTO_PUBLISH = #{record.IS_AUTO_PUBLISH,jdbcType=VARCHAR},
      </if>
      <if test="record.RPT_URL != null">
        RPT_URL = #{record.RPT_URL,jdbcType=VARCHAR},
      </if>
    </set>
    <if test="_parameter != null">
      <include refid="Update_By_Example_Where_Clause" />
    </if>
  </update>
  <update id="updateByExample" parameterType="map">
    <!--
      WARNING - @mbggenerated
      This element is automatically generated by MyBatis Generator, do not modify.
      This element was generated on Wed Oct 21 20:19:24 EDT 2015.
    -->
    update wd_report
    set ID = #{record.ID,jdbcType=BIGINT},
      RS_CLIENT = #{record.RS_CLIENT,jdbcType=BIGINT},
      REPORT_TYPE = #{record.REPORT_TYPE,jdbcType=VARCHAR},
      TITLE = #{record.TITLE,jdbcType=VARCHAR},
      STATUS = #{record.STATUS,jdbcType=VARCHAR},
      REPORTS_RUN = #{record.REPORTS_RUN,jdbcType=SMALLINT},
      FIRST_RUN_DATE = #{record.FIRST_RUN_DATE,jdbcType=DATE},
      LAST_RUN_DATE = #{record.LAST_RUN_DATE,jdbcType=DATE},
      EXPIRATION_DATE = #{record.EXPIRATION_DATE,jdbcType=DATE},
      DESCRIPTION = #{record.DESCRIPTION,jdbcType=VARCHAR},
      IS_DELETED = #{record.IS_DELETED,jdbcType=VARCHAR},
      VERSION = #{record.VERSION,jdbcType=INTEGER},
      IS_EXPIRED = #{record.IS_EXPIRED,jdbcType=VARCHAR},
      IS_TRIAL = #{record.IS_TRIAL,jdbcType=VARCHAR},
      FREQUENCY = #{record.FREQUENCY,jdbcType=VARCHAR},
      IS_AUTO_PUBLISH = #{record.IS_AUTO_PUBLISH,jdbcType=VARCHAR},
      RPT_URL = #{record.RPT_URL,jdbcType=VARCHAR}
    <if test="_parameter != null">
      <include refid="Update_By_Example_Where_Clause" />
    </if>
  </update>
  <update id="updateByPrimaryKeySelective" parameterType="com.rstech.wordwatch.dao.WordReport">
    <!--
      WARNING - @mbggenerated
      This element is automatically generated by MyBatis Generator, do not modify.
      This element was generated on Wed Oct 21 20:19:24 EDT 2015.
    -->
    update wd_report
    <set>
      <if test="RS_CLIENT != null">
        RS_CLIENT = #{RS_CLIENT,jdbcType=BIGINT},
      </if>
      <if test="REPORT_TYPE != null">
        REPORT_TYPE = #{REPORT_TYPE,jdbcType=VARCHAR},
      </if>
      <if test="TITLE != null">
        TITLE = #{TITLE,jdbcType=VARCHAR},
      </if>
      <if test="STATUS != null">
        STATUS = #{STATUS,jdbcType=VARCHAR},
      </if>
      <if test="REPORTS_RUN != null">
        REPORTS_RUN = #{REPORTS_RUN,jdbcType=SMALLINT},
      </if>
      <if test="FIRST_RUN_DATE != null">
        FIRST_RUN_DATE = #{FIRST_RUN_DATE,jdbcType=DATE},
      </if>
      <if test="LAST_RUN_DATE != null">
        LAST_RUN_DATE = #{LAST_RUN_DATE,jdbcType=DATE},
      </if>
      <if test="EXPIRATION_DATE != null">
        EXPIRATION_DATE = #{EXPIRATION_DATE,jdbcType=DATE},
      </if>
      <if test="DESCRIPTION != null">
        DESCRIPTION = #{DESCRIPTION,jdbcType=VARCHAR},
      </if>
      <if test="IS_DELETED != null">
        IS_DELETED = #{IS_DELETED,jdbcType=VARCHAR},
      </if>
      <if test="VERSION != null">
        VERSION = #{VERSION,jdbcType=INTEGER},
      </if>
      <if test="IS_EXPIRED != null">
        IS_EXPIRED = #{IS_EXPIRED,jdbcType=VARCHAR},
      </if>
      <if test="IS_TRIAL != null">
        IS_TRIAL = #{IS_TRIAL,jdbcType=VARCHAR},
      </if>
      <if test="FREQUENCY != null">
        FREQUENCY = #{FREQUENCY,jdbcType=VARCHAR},
      </if>
      <if test="IS_AUTO_PUBLISH != null">
        IS_AUTO_PUBLISH = #{IS_AUTO_PUBLISH,jdbcType=VARCHAR},
      </if>
      <if test="RPT_URL != null">
        RPT_URL = #{RPT_URL,jdbcType=VARCHAR},
      </if>
    </set>
    where ID = #{ID,jdbcType=BIGINT}
  </update>
  <update id="updateByPrimaryKey" parameterType="com.rstech.wordwatch.dao.WordReport">
    <!--
      WARNING - @mbggenerated
      This element is automatically generated by MyBatis Generator, do not modify.
      This element was generated on Wed Oct 21 20:19:24 EDT 2015.
    -->
    update wd_report
    set RS_CLIENT = #{RS_CLIENT,jdbcType=BIGINT},
      REPORT_TYPE = #{REPORT_TYPE,jdbcType=VARCHAR},
      TITLE = #{TITLE,jdbcType=VARCHAR},
      STATUS = #{STATUS,jdbcType=VARCHAR},
      REPORTS_RUN = #{REPORTS_RUN,jdbcType=SMALLINT},
      FIRST_RUN_DATE = #{FIRST_RUN_DATE,jdbcType=DATE},
      LAST_RUN_DATE = #{LAST_RUN_DATE,jdbcType=DATE},
      EXPIRATION_DATE = #{EXPIRATION_DATE,jdbcType=DATE},
      DESCRIPTION = #{DESCRIPTION,jdbcType=VARCHAR},
      IS_DELETED = #{IS_DELETED,jdbcType=VARCHAR},
      VERSION = #{VERSION,jdbcType=INTEGER},
      IS_EXPIRED = #{IS_EXPIRED,jdbcType=VARCHAR},
      IS_TRIAL = #{IS_TRIAL,jdbcType=VARCHAR},
      FREQUENCY = #{FREQUENCY,jdbcType=VARCHAR},
      IS_AUTO_PUBLISH = #{IS_AUTO_PUBLISH,jdbcType=VARCHAR},
      RPT_URL = #{RPT_URL,jdbcType=VARCHAR}
    where ID = #{ID,jdbcType=BIGINT}
  </update>
</mapper>