<?xml version="1.0" encoding="UTF-8"?>
<!DOCTYPE mapper PUBLIC "-//mybatis.org//DTD Mapper 3.0//EN" "http://mybatis.org/dtd/mybatis-3-mapper.dtd">
<mapper namespace="com.rstech.wordwatch.dao.mapper.WordReportEntryAuxMapper">
  <resultMap id="BaseResultMap" type="com.rstech.wordwatch.dao.WordReportEntryAux">
    <!--
      WARNING - @mbggenerated
      This element is automatically generated by MyBatis Generator, do not modify.
      This element was generated on Wed Oct 21 20:19:24 EDT 2015.
    -->
    <id column="ID" jdbcType="BIGINT" property="ID" />
    <result column="WD_REPORT_ENTRY" jdbcType="BIGINT" property="WD_REPORT_ENTRY" />
    <result column="AUX_KEY" jdbcType="VARCHAR" property="AUX_KEY" />
    <result column="AUX_VALUE" jdbcType="VARCHAR" property="AUX_VALUE" />
  </resultMap>
  <sql id="Example_Where_Clause">
    <!--
      WARNING - @mbggenerated
      This element is automatically generated by MyBatis Generator, do not modify.
      This element was generated on Wed Oct 21 20:19:24 EDT 2015.
    -->
    <where>
      <foreach collection="oredCriteria" item="criteria" separator="or">
        <if test="criteria.valid">
          <trim prefix="(" prefixOverrides="and" suffix=")">
            <foreach collection="criteria.criteria" item="criterion">
              <choose>
                <when test="criterion.noValue">
                  and ${criterion.condition}
                </when>
                <when test="criterion.singleValue">
                  and ${criterion.condition} #{criterion.value}
                </when>
                <when test="criterion.betweenValue">
                  and ${criterion.condition} #{criterion.value} and #{criterion.secondValue}
                </when>
                <when test="criterion.listValue">
                  and ${criterion.condition}
                  <foreach close=")" collection="criterion.value" item="listItem" open="(" separator=",">
                    #{listItem}
                  </foreach>
                </when>
              </choose>
            </foreach>
          </trim>
        </if>
      </foreach>
    </where>
  </sql>
  <sql id="Update_By_Example_Where_Clause">
    <!--
      WARNING - @mbggenerated
      This element is automatically generated by MyBatis Generator, do not modify.
      This element was generated on Wed Oct 21 20:19:24 EDT 2015.
    -->
    <where>
      <foreach collection="example.oredCriteria" item="criteria" separator="or">
        <if test="criteria.valid">
          <trim prefix="(" prefixOverrides="and" suffix=")">
            <foreach collection="criteria.criteria" item="criterion">
              <choose>
                <when test="criterion.noValue">
                  and ${criterion.condition}
                </when>
                <when test="criterion.singleValue">
                  and ${criterion.condition} #{criterion.value}
                </when>
                <when test="criterion.betweenValue">
                  and ${criterion.condition} #{criterion.value} and #{criterion.secondValue}
                </when>
                <when test="criterion.listValue">
                  and ${criterion.condition}
                  <foreach close=")" collection="criterion.value" item="listItem" open="(" separator=",">
                    #{listItem}
                  </foreach>
                </when>
              </choose>
            </foreach>
          </trim>
        </if>
      </foreach>
    </where>
  </sql>
  <sql id="Base_Column_List">
    <!--
      WARNING - @mbggenerated
      This element is automatically generated by MyBatis Generator, do not modify.
      This element was generated on Wed Oct 21 20:19:24 EDT 2015.
    -->
    ID, WD_REPORT_ENTRY, AUX_KEY, AUX_VALUE
  </sql>
  <select id="selectByExample" parameterType="com.rstech.wordwatch.dao.WordReportEntryAuxExample" resultMap="BaseResultMap">
    <!--
      WARNING - @mbggenerated
      This element is automatically generated by MyBatis Generator, do not modify.
      This element was generated on Wed Oct 21 20:19:24 EDT 2015.
    -->
    select
    <if test="distinct">
      distinct
    </if>
    <include refid="Base_Column_List" />
    from wd_report_entry_aux
    <if test="_parameter != null">
      <include refid="Example_Where_Clause" />
    </if>
    <if test="orderByClause != null">
      order by ${orderByClause}
    </if>
  </select>
  <select id="selectByPrimaryKey" parameterType="java.lang.Long" resultMap="BaseResultMap">
    <!--
      WARNING - @mbggenerated
      This element is automatically generated by MyBatis Generator, do not modify.
      This element was generated on Wed Oct 21 20:19:24 EDT 2015.
    -->
    select 
    <include refid="Base_Column_List" />
    from wd_report_entry_aux
    where ID = #{ID,jdbcType=BIGINT}
  </select>
  <delete id="deleteByPrimaryKey" parameterType="java.lang.Long">
    <!--
      WARNING - @mbggenerated
      This element is automatically generated by MyBatis Generator, do not modify.
      This element was generated on Wed Oct 21 20:19:24 EDT 2015.
    -->
    delete from wd_report_entry_aux
    where ID = #{ID,jdbcType=BIGINT}
  </delete>
  <delete id="deleteByExample" parameterType="com.rstech.wordwatch.dao.WordReportEntryAuxExample">
    <!--
      WARNING - @mbggenerated
      This element is automatically generated by MyBatis Generator, do not modify.
      This element was generated on Wed Oct 21 20:19:24 EDT 2015.
    -->
    delete from wd_report_entry_aux
    <if test="_parameter != null">
      <include refid="Example_Where_Clause" />
    </if>
  </delete>
  <insert id="insert" parameterType="com.rstech.wordwatch.dao.WordReportEntryAux">
    <!--
      WARNING - @mbggenerated
      This element is automatically generated by MyBatis Generator, do not modify.
      This element was generated on Wed Oct 21 20:19:24 EDT 2015.
    -->
    <selectKey keyProperty="ID" order="AFTER" resultType="java.lang.Long">
      SELECT LAST_INSERT_ID()
    </selectKey>
    insert into wd_report_entry_aux (WD_REPORT_ENTRY, AUX_KEY, AUX_VALUE
      )
    values (#{WD_REPORT_ENTRY,jdbcType=BIGINT}, #{AUX_KEY,jdbcType=VARCHAR}, #{AUX_VALUE,jdbcType=VARCHAR}
      )
  </insert>
  <insert id="insertSelective" parameterType="com.rstech.wordwatch.dao.WordReportEntryAux">
    <!--
      WARNING - @mbggenerated
      This element is automatically generated by MyBatis Generator, do not modify.
      This element was generated on Wed Oct 21 20:19:24 EDT 2015.
    -->
    <selectKey keyProperty="ID" order="AFTER" resultType="java.lang.Long">
      SELECT LAST_INSERT_ID()
    </selectKey>
    insert into wd_report_entry_aux
    <trim prefix="(" suffix=")" suffixOverrides=",">
      <if test="WD_REPORT_ENTRY != null">
        WD_REPORT_ENTRY,
      </if>
      <if test="AUX_KEY != null">
        AUX_KEY,
      </if>
      <if test="AUX_VALUE != null">
        AUX_VALUE,
      </if>
    </trim>
    <trim prefix="values (" suffix=")" suffixOverrides=",">
      <if test="WD_REPORT_ENTRY != null">
        #{WD_REPORT_ENTRY,jdbcType=BIGINT},
      </if>
      <if test="AUX_KEY != null">
        #{AUX_KEY,jdbcType=VARCHAR},
      </if>
      <if test="AUX_VALUE != null">
        #{AUX_VALUE,jdbcType=VARCHAR},
      </if>
    </trim>
  </insert>
  <select id="countByExample" parameterType="com.rstech.wordwatch.dao.WordReportEntryAuxExample" resultType="java.lang.Integer">
    <!--
      WARNING - @mbggenerated
      This element is automatically generated by MyBatis Generator, do not modify.
      This element was generated on Wed Oct 21 20:19:24 EDT 2015.
    -->
    select count(*) from wd_report_entry_aux
    <if test="_parameter != null">
      <include refid="Example_Where_Clause" />
    </if>
  </select>
  <update id="updateByExampleSelective" parameterType="map">
    <!--
      WARNING - @mbggenerated
      This element is automatically generated by MyBatis Generator, do not modify.
      This element was generated on Wed Oct 21 20:19:24 EDT 2015.
    -->
    update wd_report_entry_aux
    <set>
      <if test="record.ID != null">
        ID = #{record.ID,jdbcType=BIGINT},
      </if>
      <if test="record.WD_REPORT_ENTRY != null">
        WD_REPORT_ENTRY = #{record.WD_REPORT_ENTRY,jdbcType=BIGINT},
      </if>
      <if test="record.AUX_KEY != null">
        AUX_KEY = #{record.AUX_KEY,jdbcType=VARCHAR},
      </if>
      <if test="record.AUX_VALUE != null">
        AUX_VALUE = #{record.AUX_VALUE,jdbcType=VARCHAR},
      </if>
    </set>
    <if test="_parameter != null">
      <include refid="Update_By_Example_Where_Clause" />
    </if>
  </update>
  <update id="updateByExample" parameterType="map">
    <!--
      WARNING - @mbggenerated
      This element is automatically generated by MyBatis Generator, do not modify.
      This element was generated on Wed Oct 21 20:19:24 EDT 2015.
    -->
    update wd_report_entry_aux
    set ID = #{record.ID,jdbcType=BIGINT},
      WD_REPORT_ENTRY = #{record.WD_REPORT_ENTRY,jdbcType=BIGINT},
      AUX_KEY = #{record.AUX_KEY,jdbcType=VARCHAR},
      AUX_VALUE = #{record.AUX_VALUE,jdbcType=VARCHAR}
    <if test="_parameter != null">
      <include refid="Update_By_Example_Where_Clause" />
    </if>
  </update>
  <update id="updateByPrimaryKeySelective" parameterType="com.rstech.wordwatch.dao.WordReportEntryAux">
    <!--
      WARNING - @mbggenerated
      This element is automatically generated by MyBatis Generator, do not modify.
      This element was generated on Wed Oct 21 20:19:24 EDT 2015.
    -->
    update wd_report_entry_aux
    <set>
      <if test="WD_REPORT_ENTRY != null">
        WD_REPORT_ENTRY = #{WD_REPORT_ENTRY,jdbcType=BIGINT},
      </if>
      <if test="AUX_KEY != null">
        AUX_KEY = #{AUX_KEY,jdbcType=VARCHAR},
      </if>
      <if test="AUX_VALUE != null">
        AUX_VALUE = #{AUX_VALUE,jdbcType=VARCHAR},
      </if>
    </set>
    where ID = #{ID,jdbcType=BIGINT}
  </update>
  <update id="updateByPrimaryKey" parameterType="com.rstech.wordwatch.dao.WordReportEntryAux">
    <!--
      WARNING - @mbggenerated
      This element is automatically generated by MyBatis Generator, do not modify.
      This element was generated on Wed Oct 21 20:19:24 EDT 2015.
    -->
    update wd_report_entry_aux
    set WD_REPORT_ENTRY = #{WD_REPORT_ENTRY,jdbcType=BIGINT},
      AUX_KEY = #{AUX_KEY,jdbcType=VARCHAR},
      AUX_VALUE = #{AUX_VALUE,jdbcType=VARCHAR}
    where ID = #{ID,jdbcType=BIGINT}
  </update>
</mapper>