<?xml version="1.0" encoding="UTF-8"?>
<!DOCTYPE mapper PUBLIC "-//mybatis.org//DTD Mapper 3.0//EN" "http://mybatis.org/dtd/mybatis-3-mapper.dtd">
<mapper namespace="com.rstech.wordwatch.dao.mapper.WordReportEntryMapper">
  <resultMap id="BaseResultMap" type="com.rstech.wordwatch.dao.WordReportEntry">
    <!--
      WARNING - @mbggenerated
      This element is automatically generated by MyBatis Generator, do not modify.
      This element was generated on Wed Oct 21 20:19:24 EDT 2015.
    -->
    <id column="ID" jdbcType="BIGINT" property="ID" />
    <result column="WD_REPORT" jdbcType="BIGINT" property="WD_REPORT" />
    <result column="WD_NUMBER" jdbcType="VARCHAR" property="WD_NUMBER" />
    <result column="IS_DELETED" jdbcType="VARCHAR" property="IS_DELETED" />
    <result column="STATUS" jdbcType="VARCHAR" property="STATUS" />
    <result column="WORD" jdbcType="VARCHAR" property="WORD" />
    <result column="DEFINITION" jdbcType="VARCHAR" property="DEFINITION" />
    <result column="VERSION" jdbcType="INTEGER" property="VERSION" />
    <result column="DATE_COMPLETED" jdbcType="DATE" property="DATE_COMPLETED" />
    <result column="DATE_DELETED" jdbcType="DATE" property="DATE_DELETED" />
    <result column="USER_ENTERED" jdbcType="CHAR" property="USER_ENTERED" />
    <result column="IMG_URL1" jdbcType="VARCHAR" property="IMG_URL1" />
    <result column="IMG_URL2" jdbcType="VARCHAR" property="IMG_URL2" />
    <result column="IMG_URL3" jdbcType="VARCHAR" property="IMG_URL3" />
  </resultMap>
  <sql id="Example_Where_Clause">
    <!--
      WARNING - @mbggenerated
      This element is automatically generated by MyBatis Generator, do not modify.
      This element was generated on Wed Oct 21 20:19:24 EDT 2015.
    -->
    <where>
      <foreach collection="oredCriteria" item="criteria" separator="or">
        <if test="criteria.valid">
          <trim prefix="(" prefixOverrides="and" suffix=")">
            <foreach collection="criteria.criteria" item="criterion">
              <choose>
                <when test="criterion.noValue">
                  and ${criterion.condition}
                </when>
                <when test="criterion.singleValue">
                  and ${criterion.condition} #{criterion.value}
                </when>
                <when test="criterion.betweenValue">
                  and ${criterion.condition} #{criterion.value} and #{criterion.secondValue}
                </when>
                <when test="criterion.listValue">
                  and ${criterion.condition}
                  <foreach close=")" collection="criterion.value" item="listItem" open="(" separator=",">
                    #{listItem}
                  </foreach>
                </when>
              </choose>
            </foreach>
          </trim>
        </if>
      </foreach>
    </where>
  </sql>
  <sql id="Update_By_Example_Where_Clause">
    <!--
      WARNING - @mbggenerated
      This element is automatically generated by MyBatis Generator, do not modify.
      This element was generated on Wed Oct 21 20:19:24 EDT 2015.
    -->
    <where>
      <foreach collection="example.oredCriteria" item="criteria" separator="or">
        <if test="criteria.valid">
          <trim prefix="(" prefixOverrides="and" suffix=")">
            <foreach collection="criteria.criteria" item="criterion">
              <choose>
                <when test="criterion.noValue">
                  and ${criterion.condition}
                </when>
                <when test="criterion.singleValue">
                  and ${criterion.condition} #{criterion.value}
                </when>
                <when test="criterion.betweenValue">
                  and ${criterion.condition} #{criterion.value} and #{criterion.secondValue}
                </when>
                <when test="criterion.listValue">
                  and ${criterion.condition}
                  <foreach close=")" collection="criterion.value" item="listItem" open="(" separator=",">
                    #{listItem}
                  </foreach>
                </when>
              </choose>
            </foreach>
          </trim>
        </if>
      </foreach>
    </where>
  </sql>
  <sql id="Base_Column_List">
    <!--
      WARNING - @mbggenerated
      This element is automatically generated by MyBatis Generator, do not modify.
      This element was generated on Wed Oct 21 20:19:24 EDT 2015.
    -->
    ID, WD_REPORT, WD_NUMBER, IS_DELETED, STATUS, WORD, DEFINITION, VERSION, DATE_COMPLETED, 
    DATE_DELETED, USER_ENTERED, IMG_URL1, IMG_URL2, IMG_URL3
  </sql>
  <select id="selectByExample" parameterType="com.rstech.wordwatch.dao.WordReportEntryExample" resultMap="BaseResultMap">
    <!--
      WARNING - @mbggenerated
      This element is automatically generated by MyBatis Generator, do not modify.
      This element was generated on Wed Oct 21 20:19:24 EDT 2015.
    -->
    select
    <if test="distinct">
      distinct
    </if>
    <include refid="Base_Column_List" />
    from wd_report_entry
    <if test="_parameter != null">
      <include refid="Example_Where_Clause" />
    </if>
    <if test="orderByClause != null">
      order by ${orderByClause}
    </if>
  </select>
  <select id="selectByPrimaryKey" parameterType="java.lang.Long" resultMap="BaseResultMap">
    <!--
      WARNING - @mbggenerated
      This element is automatically generated by MyBatis Generator, do not modify.
      This element was generated on Wed Oct 21 20:19:24 EDT 2015.
    -->
    select 
    <include refid="Base_Column_List" />
    from wd_report_entry
    where ID = #{ID,jdbcType=BIGINT}
  </select>
  <delete id="deleteByPrimaryKey" parameterType="java.lang.Long">
    <!--
      WARNING - @mbggenerated
      This element is automatically generated by MyBatis Generator, do not modify.
      This element was generated on Wed Oct 21 20:19:24 EDT 2015.
    -->
    delete from wd_report_entry
    where ID = #{ID,jdbcType=BIGINT}
  </delete>
  <delete id="deleteByExample" parameterType="com.rstech.wordwatch.dao.WordReportEntryExample">
    <!--
      WARNING - @mbggenerated
      This element is automatically generated by MyBatis Generator, do not modify.
      This element was generated on Wed Oct 21 20:19:24 EDT 2015.
    -->
    delete from wd_report_entry
    <if test="_parameter != null">
      <include refid="Example_Where_Clause" />
    </if>
  </delete>
  <insert id="insert" parameterType="com.rstech.wordwatch.dao.WordReportEntry">
    <!--
      WARNING - @mbggenerated
      This element is automatically generated by MyBatis Generator, do not modify.
      This element was generated on Wed Oct 21 20:19:24 EDT 2015.
    -->
    <selectKey keyProperty="ID" order="AFTER" resultType="java.lang.Long">
      SELECT LAST_INSERT_ID()
    </selectKey>
    insert into wd_report_entry (WD_REPORT, WD_NUMBER, IS_DELETED, 
      STATUS, WORD, DEFINITION, 
      VERSION, DATE_COMPLETED, DATE_DELETED, 
      USER_ENTERED, IMG_URL1, IMG_URL2, 
      IMG_URL3)
    values (#{WD_REPORT,jdbcType=BIGINT}, #{WD_NUMBER,jdbcType=VARCHAR}, #{IS_DELETED,jdbcType=VARCHAR}, 
      #{STATUS,jdbcType=VARCHAR}, #{WORD,jdbcType=VARCHAR}, #{DEFINITION,jdbcType=VARCHAR}, 
      #{VERSION,jdbcType=INTEGER}, #{DATE_COMPLETED,jdbcType=DATE}, #{DATE_DELETED,jdbcType=DATE}, 
      #{USER_ENTERED,jdbcType=CHAR}, #{IMG_URL1,jdbcType=VARCHAR}, #{IMG_URL2,jdbcType=VARCHAR}, 
      #{IMG_URL3,jdbcType=VARCHAR})
  </insert>
  <insert id="insertSelective" parameterType="com.rstech.wordwatch.dao.WordReportEntry">
    <!--
      WARNING - @mbggenerated
      This element is automatically generated by MyBatis Generator, do not modify.
      This element was generated on Wed Oct 21 20:19:24 EDT 2015.
    -->
    <selectKey keyProperty="ID" order="AFTER" resultType="java.lang.Long">
      SELECT LAST_INSERT_ID()
    </selectKey>
    insert into wd_report_entry
    <trim prefix="(" suffix=")" suffixOverrides=",">
      <if test="WD_REPORT != null">
        WD_REPORT,
      </if>
      <if test="WD_NUMBER != null">
        WD_NUMBER,
      </if>
      <if test="IS_DELETED != null">
        IS_DELETED,
      </if>
      <if test="STATUS != null">
        STATUS,
      </if>
      <if test="WORD != null">
        WORD,
      </if>
      <if test="DEFINITION != null">
        DEFINITION,
      </if>
      <if test="VERSION != null">
        VERSION,
      </if>
      <if test="DATE_COMPLETED != null">
        DATE_COMPLETED,
      </if>
      <if test="DATE_DELETED != null">
        DATE_DELETED,
      </if>
      <if test="USER_ENTERED != null">
        USER_ENTERED,
      </if>
      <if test="IMG_URL1 != null">
        IMG_URL1,
      </if>
      <if test="IMG_URL2 != null">
        IMG_URL2,
      </if>
      <if test="IMG_URL3 != null">
        IMG_URL3,
      </if>
    </trim>
    <trim prefix="values (" suffix=")" suffixOverrides=",">
      <if test="WD_REPORT != null">
        #{WD_REPORT,jdbcType=BIGINT},
      </if>
      <if test="WD_NUMBER != null">
        #{WD_NUMBER,jdbcType=VARCHAR},
      </if>
      <if test="IS_DELETED != null">
        #{IS_DELETED,jdbcType=VARCHAR},
      </if>
      <if test="STATUS != null">
        #{STATUS,jdbcType=VARCHAR},
      </if>
      <if test="WORD != null">
        #{WORD,jdbcType=VARCHAR},
      </if>
      <if test="DEFINITION != null">
        #{DEFINITION,jdbcType=VARCHAR},
      </if>
      <if test="VERSION != null">
        #{VERSION,jdbcType=INTEGER},
      </if>
      <if test="DATE_COMPLETED != null">
        #{DATE_COMPLETED,jdbcType=DATE},
      </if>
      <if test="DATE_DELETED != null">
        #{DATE_DELETED,jdbcType=DATE},
      </if>
      <if test="USER_ENTERED != null">
        #{USER_ENTERED,jdbcType=CHAR},
      </if>
      <if test="IMG_URL1 != null">
        #{IMG_URL1,jdbcType=VARCHAR},
      </if>
      <if test="IMG_URL2 != null">
        #{IMG_URL2,jdbcType=VARCHAR},
      </if>
      <if test="IMG_URL3 != null">
        #{IMG_URL3,jdbcType=VARCHAR},
      </if>
    </trim>
  </insert>
  <select id="countByExample" parameterType="com.rstech.wordwatch.dao.WordReportEntryExample" resultType="java.lang.Integer">
    <!--
      WARNING - @mbggenerated
      This element is automatically generated by MyBatis Generator, do not modify.
      This element was generated on Wed Oct 21 20:19:24 EDT 2015.
    -->
    select count(*) from wd_report_entry
    <if test="_parameter != null">
      <include refid="Example_Where_Clause" />
    </if>
  </select>
  <update id="updateByExampleSelective" parameterType="map">
    <!--
      WARNING - @mbggenerated
      This element is automatically generated by MyBatis Generator, do not modify.
      This element was generated on Wed Oct 21 20:19:24 EDT 2015.
    -->
    update wd_report_entry
    <set>
      <if test="record.ID != null">
        ID = #{record.ID,jdbcType=BIGINT},
      </if>
      <if test="record.WD_REPORT != null">
        WD_REPORT = #{record.WD_REPORT,jdbcType=BIGINT},
      </if>
      <if test="record.WD_NUMBER != null">
        WD_NUMBER = #{record.WD_NUMBER,jdbcType=VARCHAR},
      </if>
      <if test="record.IS_DELETED != null">
        IS_DELETED = #{record.IS_DELETED,jdbcType=VARCHAR},
      </if>
      <if test="record.STATUS != null">
        STATUS = #{record.STATUS,jdbcType=VARCHAR},
      </if>
      <if test="record.WORD != null">
        WORD = #{record.WORD,jdbcType=VARCHAR},
      </if>
      <if test="record.DEFINITION != null">
        DEFINITION = #{record.DEFINITION,jdbcType=VARCHAR},
      </if>
      <if test="record.VERSION != null">
        VERSION = #{record.VERSION,jdbcType=INTEGER},
      </if>
      <if test="record.DATE_COMPLETED != null">
        DATE_COMPLETED = #{record.DATE_COMPLETED,jdbcType=DATE},
      </if>
      <if test="record.DATE_DELETED != null">
        DATE_DELETED = #{record.DATE_DELETED,jdbcType=DATE},
      </if>
      <if test="record.USER_ENTERED != null">
        USER_ENTERED = #{record.USER_ENTERED,jdbcType=CHAR},
      </if>
      <if test="record.IMG_URL1 != null">
        IMG_URL1 = #{record.IMG_URL1,jdbcType=VARCHAR},
      </if>
      <if test="record.IMG_URL2 != null">
        IMG_URL2 = #{record.IMG_URL2,jdbcType=VARCHAR},
      </if>
      <if test="record.IMG_URL3 != null">
        IMG_URL3 = #{record.IMG_URL3,jdbcType=VARCHAR},
      </if>
    </set>
    <if test="_parameter != null">
      <include refid="Update_By_Example_Where_Clause" />
    </if>
  </update>
  <update id="updateByExample" parameterType="map">
    <!--
      WARNING - @mbggenerated
      This element is automatically generated by MyBatis Generator, do not modify.
      This element was generated on Wed Oct 21 20:19:24 EDT 2015.
    -->
    update wd_report_entry
    set ID = #{record.ID,jdbcType=BIGINT},
      WD_REPORT = #{record.WD_REPORT,jdbcType=BIGINT},
      WD_NUMBER = #{record.WD_NUMBER,jdbcType=VARCHAR},
      IS_DELETED = #{record.IS_DELETED,jdbcType=VARCHAR},
      STATUS = #{record.STATUS,jdbcType=VARCHAR},
      WORD = #{record.WORD,jdbcType=VARCHAR},
      DEFINITION = #{record.DEFINITION,jdbcType=VARCHAR},
      VERSION = #{record.VERSION,jdbcType=INTEGER},
      DATE_COMPLETED = #{record.DATE_COMPLETED,jdbcType=DATE},
      DATE_DELETED = #{record.DATE_DELETED,jdbcType=DATE},
      USER_ENTERED = #{record.USER_ENTERED,jdbcType=CHAR},
      IMG_URL1 = #{record.IMG_URL1,jdbcType=VARCHAR},
      IMG_URL2 = #{record.IMG_URL2,jdbcType=VARCHAR},
      IMG_URL3 = #{record.IMG_URL3,jdbcType=VARCHAR}
    <if test="_parameter != null">
      <include refid="Update_By_Example_Where_Clause" />
    </if>
  </update>
  <update id="updateByPrimaryKeySelective" parameterType="com.rstech.wordwatch.dao.WordReportEntry">
    <!--
      WARNING - @mbggenerated
      This element is automatically generated by MyBatis Generator, do not modify.
      This element was generated on Wed Oct 21 20:19:24 EDT 2015.
    -->
    update wd_report_entry
    <set>
      <if test="WD_REPORT != null">
        WD_REPORT = #{WD_REPORT,jdbcType=BIGINT},
      </if>
      <if test="WD_NUMBER != null">
        WD_NUMBER = #{WD_NUMBER,jdbcType=VARCHAR},
      </if>
      <if test="IS_DELETED != null">
        IS_DELETED = #{IS_DELETED,jdbcType=VARCHAR},
      </if>
      <if test="STATUS != null">
        STATUS = #{STATUS,jdbcType=VARCHAR},
      </if>
      <if test="WORD != null">
        WORD = #{WORD,jdbcType=VARCHAR},
      </if>
      <if test="DEFINITION != null">
        DEFINITION = #{DEFINITION,jdbcType=VARCHAR},
      </if>
      <if test="VERSION != null">
        VERSION = #{VERSION,jdbcType=INTEGER},
      </if>
      <if test="DATE_COMPLETED != null">
        DATE_COMPLETED = #{DATE_COMPLETED,jdbcType=DATE},
      </if>
      <if test="DATE_DELETED != null">
        DATE_DELETED = #{DATE_DELETED,jdbcType=DATE},
      </if>
      <if test="USER_ENTERED != null">
        USER_ENTERED = #{USER_ENTERED,jdbcType=CHAR},
      </if>
      <if test="IMG_URL1 != null">
        IMG_URL1 = #{IMG_URL1,jdbcType=VARCHAR},
      </if>
      <if test="IMG_URL2 != null">
        IMG_URL2 = #{IMG_URL2,jdbcType=VARCHAR},
      </if>
      <if test="IMG_URL3 != null">
        IMG_URL3 = #{IMG_URL3,jdbcType=VARCHAR},
      </if>
    </set>
    where ID = #{ID,jdbcType=BIGINT}
  </update>
  <update id="updateByPrimaryKey" parameterType="com.rstech.wordwatch.dao.WordReportEntry">
    <!--
      WARNING - @mbggenerated
      This element is automatically generated by MyBatis Generator, do not modify.
      This element was generated on Wed Oct 21 20:19:24 EDT 2015.
    -->
    update wd_report_entry
    set WD_REPORT = #{WD_REPORT,jdbcType=BIGINT},
      WD_NUMBER = #{WD_NUMBER,jdbcType=VARCHAR},
      IS_DELETED = #{IS_DELETED,jdbcType=VARCHAR},
      STATUS = #{STATUS,jdbcType=VARCHAR},
      WORD = #{WORD,jdbcType=VARCHAR},
      DEFINITION = #{DEFINITION,jdbcType=VARCHAR},
      VERSION = #{VERSION,jdbcType=INTEGER},
      DATE_COMPLETED = #{DATE_COMPLETED,jdbcType=DATE},
      DATE_DELETED = #{DATE_DELETED,jdbcType=DATE},
      USER_ENTERED = #{USER_ENTERED,jdbcType=CHAR},
      IMG_URL1 = #{IMG_URL1,jdbcType=VARCHAR},
      IMG_URL2 = #{IMG_URL2,jdbcType=VARCHAR},
      IMG_URL3 = #{IMG_URL3,jdbcType=VARCHAR}
    where ID = #{ID,jdbcType=BIGINT}
  </update>
</mapper>