<?xml version="1.0" encoding="UTF-8" ?>
<!DOCTYPE mapper PUBLIC "-//mybatis.org//DTD Mapper 3.0//EN" "http://mybatis.org/dtd/mybatis-3-mapper.dtd" >
<mapper namespace="com.rstech.wordwatch.dao.mapper.WordFieldListMapper" >
  <resultMap id="BaseResultMap" type="com.rstech.wordwatch.dao.WordFieldList" >
    <!--
      WARNING - @mbggenerated
      This element is automatically generated by MyBatis Generator, do not modify.
      This element was generated on Mon Nov 05 19:59:23 EST 2012.
    -->
    <id column="ID" property="ID" jdbcType="BIGINT" />
    <result column="REC_TYPE" property="REC_TYPE" jdbcType="VARCHAR" />
    <result column="REC_SUB_TYPE" property="REC_SUB_TYPE" jdbcType="VARCHAR" />
    <result column="FIELD_NAME" property="FIELD_NAME" jdbcType="VARCHAR" />
    <result column="REQ_ORDER" property="REQ_ORDER" jdbcType="SMALLINT" />
    <result column="DISPLAY_ORDER" property="DISPLAY_ORDER" jdbcType="SMALLINT" />
    <result column="IS_DELETED" property="IS_DELETED" jdbcType="VARCHAR" />
    <result column="VERSION" property="VERSION" jdbcType="INTEGER" />
  </resultMap>
  <sql id="Example_Where_Clause" >
    <!--
      WARNING - @mbggenerated
      This element is automatically generated by MyBatis Generator, do not modify.
      This element was generated on Mon Nov 05 19:59:23 EST 2012.
    -->
    <where >
      <foreach collection="oredCriteria" item="criteria" separator="or" >
        <if test="criteria.valid" >
          <trim prefix="(" suffix=")" prefixOverrides="and" >
            <foreach collection="criteria.criteria" item="criterion" >
              <choose >
                <when test="criterion.noValue" >
                  and ${criterion.condition}
                </when>
                <when test="criterion.singleValue" >
                  and ${criterion.condition} #{criterion.value}
                </when>
                <when test="criterion.betweenValue" >
                  and ${criterion.condition} #{criterion.value} and #{criterion.secondValue}
                </when>
                <when test="criterion.listValue" >
                  and ${criterion.condition}
                  <foreach collection="criterion.value" item="listItem" open="(" close=")" separator="," >
                    #{listItem}
                  </foreach>
                </when>
              </choose>
            </foreach>
          </trim>
        </if>
      </foreach>
    </where>
  </sql>
  <sql id="Update_By_Example_Where_Clause" >
    <!--
      WARNING - @mbggenerated
      This element is automatically generated by MyBatis Generator, do not modify.
      This element was generated on Mon Nov 05 19:59:23 EST 2012.
    -->
    <where >
      <foreach collection="example.oredCriteria" item="criteria" separator="or" >
        <if test="criteria.valid" >
          <trim prefix="(" suffix=")" prefixOverrides="and" >
            <foreach collection="criteria.criteria" item="criterion" >
              <choose >
                <when test="criterion.noValue" >
                  and ${criterion.condition}
                </when>
                <when test="criterion.singleValue" >
                  and ${criterion.condition} #{criterion.value}
                </when>
                <when test="criterion.betweenValue" >
                  and ${criterion.condition} #{criterion.value} and #{criterion.secondValue}
                </when>
                <when test="criterion.listValue" >
                  and ${criterion.condition}
                  <foreach collection="criterion.value" item="listItem" open="(" close=")" separator="," >
                    #{listItem}
                  </foreach>
                </when>
              </choose>
            </foreach>
          </trim>
        </if>
      </foreach>
    </where>
  </sql>
  <sql id="Base_Column_List" >
    <!--
      WARNING - @mbggenerated
      This element is automatically generated by MyBatis Generator, do not modify.
      This element was generated on Mon Nov 05 19:59:23 EST 2012.
    -->
    ID, REC_TYPE, REC_SUB_TYPE, FIELD_NAME, REQ_ORDER, DISPLAY_ORDER, IS_DELETED, VERSION
  </sql>
  <select id="selectByExample" resultMap="BaseResultMap" parameterType="com.rstech.wordwatch.dao.WordFieldListExample" >
    <!--
      WARNING - @mbggenerated
      This element is automatically generated by MyBatis Generator, do not modify.
      This element was generated on Mon Nov 05 19:59:23 EST 2012.
    -->
    select
    <if test="distinct" >
      distinct
    </if>
    <include refid="Base_Column_List" />
    from WORD_FIELD_LIST
    <if test="_parameter != null" >
      <include refid="Example_Where_Clause" />
    </if>
    <if test="orderByClause != null" >
      order by ${orderByClause}
    </if>
  </select>
  <select id="selectByPrimaryKey" resultMap="BaseResultMap" parameterType="java.lang.Long" >
    <!--
      WARNING - @mbggenerated
      This element is automatically generated by MyBatis Generator, do not modify.
      This element was generated on Mon Nov 05 19:59:23 EST 2012.
    -->
    select 
    <include refid="Base_Column_List" />
    from WORD_FIELD_LIST
    where ID = #{ID,jdbcType=BIGINT}
  </select>
  <delete id="deleteByPrimaryKey" parameterType="java.lang.Long" >
    <!--
      WARNING - @mbggenerated
      This element is automatically generated by MyBatis Generator, do not modify.
      This element was generated on Mon Nov 05 19:59:23 EST 2012.
    -->
    delete from WORD_FIELD_LIST
    where ID = #{ID,jdbcType=BIGINT}
  </delete>
  <delete id="deleteByExample" parameterType="com.rstech.wordwatch.dao.WordFieldListExample" >
    <!--
      WARNING - @mbggenerated
      This element is automatically generated by MyBatis Generator, do not modify.
      This element was generated on Mon Nov 05 19:59:23 EST 2012.
    -->
    delete from WORD_FIELD_LIST
    <if test="_parameter != null" >
      <include refid="Example_Where_Clause" />
    </if>
  </delete>
  <insert id="insert" parameterType="com.rstech.wordwatch.dao.WordFieldList" >
    <!--
      WARNING - @mbggenerated
      This element is automatically generated by MyBatis Generator, do not modify.
      This element was generated on Mon Nov 05 19:59:23 EST 2012.
    -->
    <selectKey resultType="java.lang.Long" keyProperty="ID" order="AFTER" >
      SELECT LAST_INSERT_ID()
    </selectKey>
    insert into WORD_FIELD_LIST (REC_TYPE, REC_SUB_TYPE, FIELD_NAME, 
      REQ_ORDER, DISPLAY_ORDER, IS_DELETED, 
      VERSION)
    values (#{REC_TYPE,jdbcType=VARCHAR}, #{REC_SUB_TYPE,jdbcType=VARCHAR}, #{FIELD_NAME,jdbcType=VARCHAR}, 
      #{REQ_ORDER,jdbcType=SMALLINT}, #{DISPLAY_ORDER,jdbcType=SMALLINT}, #{IS_DELETED,jdbcType=VARCHAR}, 
      #{VERSION,jdbcType=INTEGER})
  </insert>
  <insert id="insertSelective" parameterType="com.rstech.wordwatch.dao.WordFieldList" >
    <!--
      WARNING - @mbggenerated
      This element is automatically generated by MyBatis Generator, do not modify.
      This element was generated on Mon Nov 05 19:59:23 EST 2012.
    -->
    <selectKey resultType="java.lang.Long" keyProperty="ID" order="AFTER" >
      SELECT LAST_INSERT_ID()
    </selectKey>
    insert into WORD_FIELD_LIST
    <trim prefix="(" suffix=")" suffixOverrides="," >
      <if test="REC_TYPE != null" >
        REC_TYPE,
      </if>
      <if test="REC_SUB_TYPE != null" >
        REC_SUB_TYPE,
      </if>
      <if test="FIELD_NAME != null" >
        FIELD_NAME,
      </if>
      <if test="REQ_ORDER != null" >
        REQ_ORDER,
      </if>
      <if test="DISPLAY_ORDER != null" >
        DISPLAY_ORDER,
      </if>
      <if test="IS_DELETED != null" >
        IS_DELETED,
      </if>
      <if test="VERSION != null" >
        VERSION,
      </if>
    </trim>
    <trim prefix="values (" suffix=")" suffixOverrides="," >
      <if test="REC_TYPE != null" >
        #{REC_TYPE,jdbcType=VARCHAR},
      </if>
      <if test="REC_SUB_TYPE != null" >
        #{REC_SUB_TYPE,jdbcType=VARCHAR},
      </if>
      <if test="FIELD_NAME != null" >
        #{FIELD_NAME,jdbcType=VARCHAR},
      </if>
      <if test="REQ_ORDER != null" >
        #{REQ_ORDER,jdbcType=SMALLINT},
      </if>
      <if test="DISPLAY_ORDER != null" >
        #{DISPLAY_ORDER,jdbcType=SMALLINT},
      </if>
      <if test="IS_DELETED != null" >
        #{IS_DELETED,jdbcType=VARCHAR},
      </if>
      <if test="VERSION != null" >
        #{VERSION,jdbcType=INTEGER},
      </if>
    </trim>
  </insert>
  <select id="countByExample" parameterType="com.rstech.wordwatch.dao.WordFieldListExample" resultType="java.lang.Integer" >
    <!--
      WARNING - @mbggenerated
      This element is automatically generated by MyBatis Generator, do not modify.
      This element was generated on Mon Nov 05 19:59:23 EST 2012.
    -->
    select count(*) from WORD_FIELD_LIST
    <if test="_parameter != null" >
      <include refid="Example_Where_Clause" />
    </if>
  </select>
  <update id="updateByExampleSelective" parameterType="map" >
    <!--
      WARNING - @mbggenerated
      This element is automatically generated by MyBatis Generator, do not modify.
      This element was generated on Mon Nov 05 19:59:23 EST 2012.
    -->
    update WORD_FIELD_LIST
    <set >
      <if test="record.ID != null" >
        ID = #{record.ID,jdbcType=BIGINT},
      </if>
      <if test="record.REC_TYPE != null" >
        REC_TYPE = #{record.REC_TYPE,jdbcType=VARCHAR},
      </if>
      <if test="record.REC_SUB_TYPE != null" >
        REC_SUB_TYPE = #{record.REC_SUB_TYPE,jdbcType=VARCHAR},
      </if>
      <if test="record.FIELD_NAME != null" >
        FIELD_NAME = #{record.FIELD_NAME,jdbcType=VARCHAR},
      </if>
      <if test="record.REQ_ORDER != null" >
        REQ_ORDER = #{record.REQ_ORDER,jdbcType=SMALLINT},
      </if>
      <if test="record.DISPLAY_ORDER != null" >
        DISPLAY_ORDER = #{record.DISPLAY_ORDER,jdbcType=SMALLINT},
      </if>
      <if test="record.IS_DELETED != null" >
        IS_DELETED = #{record.IS_DELETED,jdbcType=VARCHAR},
      </if>
      <if test="record.VERSION != null" >
        VERSION = #{record.VERSION,jdbcType=INTEGER},
      </if>
    </set>
    <if test="_parameter != null" >
      <include refid="Update_By_Example_Where_Clause" />
    </if>
  </update>
  <update id="updateByExample" parameterType="map" >
    <!--
      WARNING - @mbggenerated
      This element is automatically generated by MyBatis Generator, do not modify.
      This element was generated on Mon Nov 05 19:59:23 EST 2012.
    -->
    update WORD_FIELD_LIST
    set ID = #{record.ID,jdbcType=BIGINT},
      REC_TYPE = #{record.REC_TYPE,jdbcType=VARCHAR},
      REC_SUB_TYPE = #{record.REC_SUB_TYPE,jdbcType=VARCHAR},
      FIELD_NAME = #{record.FIELD_NAME,jdbcType=VARCHAR},
      REQ_ORDER = #{record.REQ_ORDER,jdbcType=SMALLINT},
      DISPLAY_ORDER = #{record.DISPLAY_ORDER,jdbcType=SMALLINT},
      IS_DELETED = #{record.IS_DELETED,jdbcType=VARCHAR},
      VERSION = #{record.VERSION,jdbcType=INTEGER}
    <if test="_parameter != null" >
      <include refid="Update_By_Example_Where_Clause" />
    </if>
  </update>
  <update id="updateByPrimaryKeySelective" parameterType="com.rstech.wordwatch.dao.WordFieldList" >
    <!--
      WARNING - @mbggenerated
      This element is automatically generated by MyBatis Generator, do not modify.
      This element was generated on Mon Nov 05 19:59:23 EST 2012.
    -->
    update WORD_FIELD_LIST
    <set >
      <if test="REC_TYPE != null" >
        REC_TYPE = #{REC_TYPE,jdbcType=VARCHAR},
      </if>
      <if test="REC_SUB_TYPE != null" >
        REC_SUB_TYPE = #{REC_SUB_TYPE,jdbcType=VARCHAR},
      </if>
      <if test="FIELD_NAME != null" >
        FIELD_NAME = #{FIELD_NAME,jdbcType=VARCHAR},
      </if>
      <if test="REQ_ORDER != null" >
        REQ_ORDER = #{REQ_ORDER,jdbcType=SMALLINT},
      </if>
      <if test="DISPLAY_ORDER != null" >
        DISPLAY_ORDER = #{DISPLAY_ORDER,jdbcType=SMALLINT},
      </if>
      <if test="IS_DELETED != null" >
        IS_DELETED = #{IS_DELETED,jdbcType=VARCHAR},
      </if>
      <if test="VERSION != null" >
        VERSION = #{VERSION,jdbcType=INTEGER},
      </if>
    </set>
    where ID = #{ID,jdbcType=BIGINT}
  </update>
  <update id="updateByPrimaryKey" parameterType="com.rstech.wordwatch.dao.WordFieldList" >
    <!--
      WARNING - @mbggenerated
      This element is automatically generated by MyBatis Generator, do not modify.
      This element was generated on Mon Nov 05 19:59:23 EST 2012.
    -->
    update WORD_FIELD_LIST
    set REC_TYPE = #{REC_TYPE,jdbcType=VARCHAR},
      REC_SUB_TYPE = #{REC_SUB_TYPE,jdbcType=VARCHAR},
      FIELD_NAME = #{FIELD_NAME,jdbcType=VARCHAR},
      REQ_ORDER = #{REQ_ORDER,jdbcType=SMALLINT},
      DISPLAY_ORDER = #{DISPLAY_ORDER,jdbcType=SMALLINT},
      IS_DELETED = #{IS_DELETED,jdbcType=VARCHAR},
      VERSION = #{VERSION,jdbcType=INTEGER}
    where ID = #{ID,jdbcType=BIGINT}
  </update>
</mapper>